species_name,precision,recall,f1_score,support
กระจงควาย,0.38,0.66,0.48,29
กระจงเล็ก,0.8,0.8,0.8,30
กระต่ายแคระฮอลแลนด์ลอป,0.47,0.69,0.56,29
กระทิง,0.48,0.53,0.51,30
กระรอกท้องแดง,0.27,0.5,0.35,30
กระรอกสามสี,0.7,0.53,0.6,30
กระรอกหน้ากระแต,0.68,0.57,0.62,30
กระรอกหลากสี,0.48,0.47,0.47,30
กระรอกหางม้าข้อดำ,0.21,0.52,0.3,21
กระแตเหนือ,0.5,0.37,0.42,30
กระแตใต้,0.35,0.27,0.3,30
กวางซีก้า,0.53,0.53,0.53,30
กวางดาว,0.52,0.47,0.49,30
กวางบาราสิงห์,0.46,0.66,0.54,29
กวางป่า,0.38,0.33,0.36,30
กวางป่าฟิลิปปินส์,0.34,0.78,0.48,27
กวางผาจีน,0.57,0.4,0.47,30
กวางพูดูใต้,0.7,0.7,0.7,30
กวางฟอลโลว์,0.53,0.33,0.41,30
กวางมูส,0.52,0.59,0.55,29
กวางรูซาชวา,0.43,0.3,0.35,30
กวางเรนเดียร์,0.67,0.73,0.7,30
กวางแดงยุโรป,0.42,0.17,0.24,29
กาเซลล์ดอร์คัส,0.6,0.6,0.6,30
กาเซลล์ทอมสัน,0.72,0.93,0.81,30
คลิปสปริงเกอร์,0.47,0.67,0.55,30
ควายป่า,0.64,0.7,0.67,30
ควายป่าแอฟริกา,0.61,0.67,0.63,30
คาปิบารา,0.67,0.8,0.73,30
คาราคัล,0.28,0.23,0.25,30
ค่างดำมลายู,0.83,0.67,0.74,30
ค่างห้าสี,0.64,0.47,0.54,30
ค่างแว่นถิ่นเหนือ,0.68,0.59,0.63,22
ค่างแว่นถิ่นใต้,0.71,0.5,0.59,30
ค้างคาวแม่ไก่ป่าดงดิบ,0.58,0.62,0.6,29
ค้างคาวแม่ไก่ภาคกลาง,0.42,0.36,0.39,22
จามรี,0.66,0.63,0.64,30
จิงโจ้แดง,0.48,0.48,0.48,29
จิ้งจอกเฟนเนก,0.0,0.0,0.0,30
ชะนีมงกุฎ,0.3,0.35,0.32,23
ชะนีมือขาว,0.71,0.5,0.59,30
ชะนีมือดำ,0.12,0.05,0.07,21
ชะมดเช็ด,0.41,0.43,0.42,30
ชะมดแผงหางปล้อง,0.15,0.8,0.25,20
ชูการ์ไกลเดอร์,0.54,0.69,0.61,29
ช้างเอเชีย,0.61,0.73,0.67,30
ดิกดิกเคิร์ก,0.74,0.77,0.75,30
ตัวกินมดยักษ์,0.79,0.63,0.7,30
ตัวกินมดหนามอิคิดนา,0.59,0.76,0.67,29
ตัวกินมดเล็กทามานดูอา,0.65,0.43,0.52,30
นากยุโรป,0.45,0.52,0.48,29
บิ๊กฮอร์น,0.51,0.67,0.58,30
บ็อบแคต,0.5,0.4,0.44,30
บ่าง,0.67,0.29,0.4,14
พญากระรอกบินแก้มขาว,0.8,0.8,0.8,30
พญากระรอกเหลือง,0.63,0.57,0.6,30
พอสซัมหางพู่,0.5,0.48,0.49,29
พะยูน,0.64,0.62,0.63,29
มาราพาตาโกเนีย,0.85,0.57,0.68,30
ม้าป่ามองโกเลีย,0.73,0.63,0.68,30
ม้าลายภูเขาฮาร์ตมันน์,0.61,0.73,0.67,30
ม้าลายเกรวี,0.86,0.8,0.83,30
ม้าลายเบอร์เชลล์,0.74,0.97,0.84,30
ม้าแคระฟอลลาเบลลา,0.17,0.13,0.15,30
ม้าแคระมินิเอเจอร์,0.23,0.1,0.14,30
ม้าแคระเชตแลนด์,0.3,0.3,0.3,30
ยีราฟ,0.78,0.83,0.81,30
ลามะ,0.42,0.37,0.39,30
ลาแคระ,0.41,0.43,0.42,30
ลิงกังเหนือ,0.57,0.67,0.62,30
ลิงกังใต้,0.78,0.6,0.68,30
ลิงคอตตอนท็อปทามาริน,0.64,0.77,0.7,30
ลิงคาปูชินหน้าขาว,0.39,0.79,0.52,24
ลิงคาปูชินหัวดำ,0.79,0.77,0.78,30
ลิงชิมแปนซี,0.81,0.73,0.77,30
ลิงทามารินมือทอง,0.64,0.6,0.62,30
ลิงทามารินสิงโตทอง,0.0,0.0,0.0,29
ลิงทามารินเอ็มเพอเรอร์,0.72,1.0,0.84,29
ลิงบาบูนกีนี,0.56,0.67,0.61,30
ลิงบาบูนฮามาดรียาส,0.85,0.73,0.79,30
ลิงมาร์โมเซตแคระ,0.56,0.83,0.67,29
ลิงมาโมเสทหูขาว,0.45,0.47,0.46,30
ลิงมาโมเสทหูพู่ดำ,0.58,0.63,0.6,30
ลิงวอก,0.54,0.5,0.52,30
ลิงอุรังอุตังบอร์เนียว,0.5,0.5,0.5,30
ลิงอุรังอุตังสุมาตรา,0.73,0.63,0.68,30
ลิงฮาวเลอร์ดำ,0.74,0.67,0.7,30
ลิงเจลาดา,0.82,0.93,0.88,30
ลิงแมนดริล,0.2,0.03,0.06,29
ลิ่นชวา,0.91,0.69,0.78,29
ลีเมอร์ขาวดำ,0.84,0.87,0.85,30
ลีเมอร์มงกุฎ,0.89,0.8,0.84,30
ลีเมอร์หางแหวน,0.89,0.8,0.84,30
วอลลาบีคอแดง,0.5,0.67,0.57,30
วัวมัสค์ออกซ์,0.7,0.7,0.7,30
วัววาตูซี,0.2,0.13,0.16,30
วัวแดง,0.46,0.53,0.49,30
วาฬนำร่องครีบสั้น,0.55,0.57,0.56,30
วิลเดอบีสต์สีน้ำเงิน,0.7,0.7,0.7,30
สปริงบอก,0.5,0.37,0.42,30
สมเสร็จมลายู,0.57,0.42,0.48,19
สมเสร็จอเมริกาใต้,0.38,0.6,0.46,30
สิงโตแอฟริกา,0.86,0.6,0.71,30
หมาจิ้งจอกทอง,0.62,0.43,0.51,30
หมาจิ้งจอกอาร์กติก,0.78,0.6,0.68,30
หมาจิ้งจอกแดง,0.53,0.3,0.38,30
หมาป่าแอฟริกา,0.73,0.76,0.75,29
หมาไม้หลังเหลือง,0.84,0.53,0.65,30
หมีขอ,0.11,0.07,0.08,29
หมีควาย,0.41,0.43,0.42,30
หมีสีน้ำตาล,0.33,0.33,0.33,30
หมูป่าหน้าหูด,0.63,0.73,0.68,30
อีเห็นข้างลาย,0.23,0.1,0.14,30
อีเห็นลายเสือ,0.0,0.0,0.0,24
อีเห็นหน้าขาว,0.59,0.43,0.5,30
อีเห็นเครือ,0.68,0.5,0.58,30
อูฐกัวนาโก,0.33,0.1,0.15,30
อูฐบิคูญา,0.5,0.8,0.62,30
อูฐสองโหนก,0.56,0.67,0.61,30
อูฐหนอกเดียว,0.53,0.6,0.56,30
ฮาร์ทีบีสต์,0.54,0.73,0.62,30
ฮิปโปโปเตมัส,0.75,0.7,0.72,30
เก้งธรรมดา,0.38,0.27,0.31,30
เก้งเผือก,0.32,0.2,0.24,30
เซียมัง,0.69,0.67,0.68,30
เนื้อทราย,0.45,0.5,0.48,30
เมียร์แคต,0.7,0.7,0.7,30
เม่นแคระสี่นิ้ว,0.75,0.9,0.82,30
เลียงผาใต้,0.61,0.37,0.46,30
เสือคูการ์,0.29,0.4,0.34,30
เสือจากัวรันดี,0.47,0.3,0.37,30
เสือจากัวร์,0.4,0.33,0.36,30
เสือชีตาห์,0.7,0.53,0.6,30
เสือดาว,0.55,0.4,0.46,30
เสือปลา,0.56,0.29,0.38,17
แกะบาร์บารี,0.58,0.6,0.59,30
แพนด้าแดง,0.33,0.09,0.14,22
แพรรีด็อกหางดำ,0.69,0.97,0.81,30
แพะแคระแอฟริกา,0.53,0.27,0.36,30
แมวน้ำเคปเฟอร์ซีล,0.7,0.77,0.73,30
แมวป่า,0.55,0.53,0.54,30
แมวป่าเซอร์วัล,0.62,0.67,0.65,30
แรดอินเดีย,0.5,0.5,0.5,30
แอนทิโลปคูดูใหญ่,0.56,0.8,0.66,30
แอนทิโลปพูกู,0.59,0.67,0.62,30
แอนทิโลปรีดบัค,0.41,0.6,0.49,30
แอนทิโลปอีแลนด์,0.59,0.57,0.58,30
แอนทิโลปเจเรนุค,0.76,0.87,0.81,30
แอนทิโลปเซเบิล,0.71,0.73,0.72,30
แอนทิโลปโทปิ,0.88,0.73,0.8,30
แอนทิโลปโรน,0.62,0.7,0.66,30
แอนทิโลปไนยาลา,0.69,0.8,0.74,30
โคอาติหางวงแหวน,0.58,0.5,0.54,30
โคอาลา,0.67,0.97,0.79,30
โลมาปากขวด,0.62,0.6,0.61,30
โลมาฟราเซอร์,0.32,0.3,0.31,20
โลมาฟันห่าง,0.74,0.67,0.7,30
โลมาแถบ,0.57,0.7,0.63,30
โอริกซ์เบซา,0.66,0.63,0.64,30
ไอเบกซ์นูเบีย,0.75,0.6,0.67,30
ไฮยีนาลายจุด,0.81,0.83,0.82,30
ไฮแรกซ์หิน,0.56,0.73,0.64,30
