id,thai_name,english_name,scientific_name,order,family,category,origin_type,iucn_status,thai_zoos,highlight_notes
1,ไก่จุก,Roulroul (Crested Partridge),Rollulus rouloul,Galliformes,Phasianidae,สัตว์ปีก (นก),สัตว์ประจำถิ่นไทย (Native),VU (มีแนวโน้มใกล้สูญพันธุ์),"สวนสัตว์เปิดเขาเขียว, สวนสัตว์สงขลา",ไก่ป่าขนาดเล็ก ตัวผู้สีน้ำเงินเข้มมีหงอนพู่สีแดงสดพราวเสน่ห์ ตัวเมียสีเขียวมรกต
2,ไก่ป่าอินเดีย / ไก่ป่าไทย,Red Junglefowl,Gallus gallus,Galliformes,Phasianidae,สัตว์ปีก (นก),สัตว์ประจำถิ่นไทย (Native),LC (มีความเสี่ยงต่ำ),"สวนสัตว์เปิดเขาเขียว, สวนสัตว์นครราชสีมา, สวนสัตว์สงขลา",บรรพบุรุษดั้งเดิมของไก่บ้านทั่วโลก ตัวผู้ขนคอสีส้มทอง หงอนแดงเดี่ยว ขันเสียงก้อง
3,ไก่ฟ้าพญาลอ,Siamese Fireback,Lophura diardi,Galliformes,Phasianidae,สัตว์ปีก (นก),สัตว์ประจำถิ่นไทย (Native),LC (มีความเสี่ยงต่ำ),"สวนสัตว์เปิดเขาเขียว, สวนสัตว์นครราชสีมา, สวนสัตว์เชียงใหม่",นกประจำชาติไทย ตัวผู้มีหน้ากากสีแดงสด หงอนพู่สีดำ หลังสีทองสุกปลั่ง
4,ไก่ฟ้าเลดี้แอมเฮิร์สท์,Lady Amherst's Pheasant,Chrysolophus amherstiae,Galliformes,Phasianidae,สัตว์ปีก (นก),สัตว์ต่างถิ่นนำเข้า (Exotic),LC (มีความเสี่ยงต่ำ),"สวนสัตว์เชียงใหม่, สวนสัตว์เปิดเขาเขียว",หางยาวมากสีขาวสลับดำ แผงคอสีเงินลายดำ หัวสีเขียวมรกตแต้มแดง
5,ไก่ฟ้าสีทอง,Golden Pheasant,Chrysolophus pictus,Galliformes,Phasianidae,สัตว์ปีก (นก),สัตว์ต่างถิ่นนำเข้า (Exotic),LC (มีความเสี่ยงต่ำ),"สวนสัตว์เปิดเขาเขียว, สวนสัตว์เชียงใหม่, สวนสัตว์นครราชสีมา",'นกฟีนิกซ์ตัวจริง' ตัวผู้สีสันสดใส หงอนสีทอง แผงคอสีส้มลายดำ สวยงามมาก
6,ไก่ฟ้าหน้าเขียว,Crested Fireback,Lophura ignita,Galliformes,Phasianidae,สัตว์ปีก (นก),สัตว์ประจำถิ่นไทย (Native),VU (มีแนวโน้มใกล้สูญพันธุ์),"สวนสัตว์สงขลา, สวนสัตว์เปิดเขาเขียว",แผ่นหนังหน้าสีฟ้าครามสดใส หงอนพู่สีน้ำเงินเข้ม หลังมีแต้มสีเพลิงส้มทอง
7,ไก่ฟ้าหลังขาว,Silver Pheasant,Lophura nycthemera,Galliformes,Phasianidae,สัตว์ปีก (นก),สัตว์ประจำถิ่นไทย (Native),LC (มีความเสี่ยงต่ำ),"สวนสัตว์เชียงใหม่, สวนสัตว์เปิดเขาเขียว, สวนสัตว์นครราชสีมา",ตัวผู้ลำตัวด้านบนและหางสีขาวลายเส้นดำ ด้านล่างสีดำสนิท หน้ากากสีแดง
8,ไก่ฟ้าหางลายขวาง,Hume's Pheasant,Syrmaticus humiae,Galliformes,Phasianidae,สัตว์ปีก (นก),สัตว์ประจำถิ่นไทย (Native),NT (ใกล้ถูกคุกคาม),"สวนสัตว์เชียงใหม่, สถานีเพาะเลี้ยงสัตว์ป่าดอยเชียงดาว",ไก่ฟ้าภูเขาสูงภาคเหนือ หางยาวลายขวางสีเทาสลับน้ำตาล ลำตัวสีทองแดงเหลือบเงา
9,นกกก / นกกาฮัง,Great Hornbill,Buceros bicornis,Bucerotiformes,Bucerotidae,สัตว์ปีก (นก),สัตว์ประจำถิ่นไทย (Native),VU (มีแนวโน้มใกล้สูญพันธุ์),"สวนสัตว์เปิดเขาเขียว, สวนสัตว์เชียงใหม่, สวนสัตว์สงขลา, สวนสัตว์นครราชสีมา",นกเงือกขนาดใหญ่ที่สุดในไทย โหนกบนจะงอยปากสีเหลืองทอง เสียงบินกระพือปีกดังก้อง
10,นกกระจอกเทศ,Common Ostrich,Struthio camelus,Struthioniformes,Struthionidae,สัตว์ปีก (นก),สัตว์ต่างถิ่นนำเข้า (Exotic),LC (มีความเสี่ยงต่ำ),"สวนสัตว์เปิดเขาเขียว, สวนสัตว์นครราชสีมา, ซาฟารีเวิลด์, สวนสัตว์ขอนแก่น",นกขนาดใหญ่ที่สุดในโลก บินไม่ได้แต่วิ่งเร็วถึง 70 กม./ชม. ไข่ฟองใหญ่ที่สุด
11,นกกระตั้วกาล่า,Galah (Rose-breasted Cockatoo),Eolophus roseicapilla,Psittaciformes,Cacatuidae,สัตว์ปีก (นก),สัตว์ต่างถิ่นนำเข้า (Exotic),LC (มีความเสี่ยงต่ำ),"ซาฟารีเวิลด์, สวนสัตว์เปิดเขาเขียว",อกและท้องสีชมพูกุหลาบ หลังและปีกสีเทาอ่อน สดใสน่ารักและมีชีวิตชีวา
12,นกกระตั้วดำ / ปาล์มคอกคาทู,Palm Cockatoo,Probosciger aterrimus,Psittaciformes,Cacatuidae,สัตว์ปีก (นก),สัตว์ต่างถิ่นนำเข้า (Exotic),NT (ใกล้ถูกคุกคาม),"ซาฟารีเวิลด์, สวนสัตว์เปิดเขาเขียว",นกกระตั้วขนาดใหญ่ที่สุด ขนสีเทาดำสนิท หงอนยาว ปากยักษ์ทรงพลัง แก้มแดงเข้ม
13,นกกระตั้วมอลุกกะ,Moluccan Cockatoo,Cacatua moluccensis,Psittaciformes,Cacatuidae,สัตว์ปีก (นก),สัตว์ต่างถิ่นนำเข้า (Exotic),VU (มีแนวโน้มใกล้สูญพันธุ์),"ซาฟารีเวิลด์, สวนสัตว์เปิดเขาเขียว",ขนสีชมพูแซลมอน หงอนใหญ่สีส้มแดง เสียงร้องดังก้อง อารมณ์อ่อนไหว
14,นกกระตั้วหงอนเหลือง,Sulphur-crested Cockatoo,Cacatua galerita,Psittaciformes,Cacatuidae,สัตว์ปีก (นก),สัตว์ต่างถิ่นนำเข้า (Exotic),LC (มีความเสี่ยงต่ำ),"สวนสัตว์เปิดเขาเขียว, สวนสัตว์เชียงใหม่, ซาฟารีเวิลด์",นกสีขาวล้วน หงอนสีเหลืองกางออกได้ ฉลาดและชอบเต้นตามจังหวะเสียงดนตรี
15,นกกระเต็นน้อยธรรมดา,Common Kingfisher,Alcedo atthis,Coraciiformes,Alcedinidae,สัตว์ปีก (นก),สัตว์ประจำถิ่น / อพยพ,LC (มีความเสี่ยงต่ำ),"สวนสัตว์เปิดเขาเขียว, สวนสัตว์เชียงใหม่",ตัวเล็กจิ๋ว หลังสีฟ้าเทอร์ควอยซ์ส่องประกาย ท้องสีส้ม เกาะกิ่งไม้จ้องจับปลาตัวเล็ก
16,นกกระเต็นใหญ่ธรรมดา,Stork-billed Kingfisher,Pelargopsis capensis,Coraciiformes,Alcedinidae,สัตว์ปีก (นก),สัตว์ประจำถิ่นไทย (Native),LC (มีความเสี่ยงต่ำ),"สวนสัตว์เปิดเขาเขียว, สวนสัตว์สงขลา",นกกระเต็นขนาดใหญ่ที่สุดในไทย ปากยักษ์สีแดงสด เสียงร้องดังก้องป่าชายเลนและริมน้ำ
17,นกกระเต็นอกขาว,White-throated Kingfisher,Halcyon smyrnensis,Coraciiformes,Alcedinidae,สัตว์ปีก (นก),สัตว์ประจำถิ่นไทย (Native),LC (มีความเสี่ยงต่ำ),"สวนสัตว์เปิดเขาเขียว, สวนสัตว์สงขลา, สวนสัตว์เชียงใหม่",จะงอยปากใหญ่สีแดงสด อกขาว ปีกสีฟ้าครามสดใส บินโฉบจับปลาและกิ้งก่า
18,นกกระแตแต้แว้ด,Red-wattled Lapwing,Vanellus indicus,Charadriiformes,Charadriidae,สัตว์ปีก (นก),สัตว์ประจำถิ่นไทย (Native),LC (มีความเสี่ยงต่ำ),"สวนสัตว์เปิดเขาเขียว, สวนสัตว์นครราชสีมา, สวนสัตว์สงขลา",มีเหนียงสีแดงสดหน้าดวงตา ร้องเตือนภัยเสียงแหลมดัง 'แต้-แต้-แว้ด' เมื่อมีผู้บุกรุก
19,นกกระทาดงแข้งเขียว,Green-legged Partridge,Arborophila chloropus,Galliformes,Phasianidae,สัตว์ปีก (นก),สัตว์ประจำถิ่นไทย (Native),LC (มีความเสี่ยงต่ำ),"สวนสัตว์เปิดเขาเขียว, สวนสัตว์เชียงใหม่",นกกระทาป่าหากินตามพื้นป่า ขาสีเขียวมะกอก ร้องส่งเสียงดังก้องป่ายามเช้า
20,นกกระทาทุ่ง,Chinese Francolin,Francolinus pintadeanus,Galliformes,Phasianidae,สัตว์ปีก (นก),สัตว์ประจำถิ่นไทย (Native),LC (มีความเสี่ยงต่ำ),"สวนสัตว์เปิดเขาเขียว, สวนสัตว์นครราชสีมา",ลายจุดสีขาวกระจายทั่วลำตัวสีดำ เสียงร้องก้องดังเป็นเอกลักษณ์ตามทุ่งหญ้า
21,นกกระทุง,Spot-billed Pelican,Pelecanus philippensis,Pelecaniformes,Pelecanidae,สัตว์ปีก (นก),สัตว์ประจำถิ่นไทย (Native),NT (ใกล้ถูกคุกคาม),"สวนสัตว์เปิดเขาเขียว, สวนสัตว์นครราชสีมา, สวนสัตว์สงขลา, ซาฟารีเวิลด์",ถุงใต้คอยืดหยุ่นขนาดใหญ่ ใช้ช้อนตักปลาในน้ำได้อย่างแม่นยำ
22,นกกระเรียนพันธุ์ไทย,Eastern Sarus Crane,Antigone antigone sharpii,Gruiformes,Gruidae,สัตว์ปีก (นก),สัตว์ประจำถิ่นไทย (Native),VU / CR ในไทย,"สวนสัตว์นครราชสีมา, เขตห้ามล่าสัตว์ป่าอ่างเก็บน้ำห้วยจระเข้มาก บุรีรัมย์",สัตว์ป่าสงวนของไทย เคยสูญพันธุ์จากป่าธรรมชาติ โคราชเพาะพันธุ์ปล่อยคืนสำเร็จ
23,นกกระสาแดง,Purple Heron,Ardea purpurea,Pelecaniformes,Ardeidae,สัตว์ปีก (นก),สัตว์ประจำถิ่นไทย (Native),LC (มีความเสี่ยงต่ำ),"สวนสัตว์เปิดเขาเขียว, สวนสัตว์นครราชสีมา, สวนสัตว์สงขลา",คอยาวเรียวลายเส้นสีน้ำตาลแดง ซุ่มตัวในพงอ้อพงกกได้อย่างกลมกลืน
24,นกกระสานวล,Grey Heron,Ardea cinerea,Pelecaniformes,Ardeidae,สัตว์ปีก (นก),สัตว์ประจำถิ่น / อพยพ,LC (มีความเสี่ยงต่ำ),"สวนสัตว์เปิดเขาเขียว, สวนสัตว์สงขลา, สวนสัตว์เชียงใหม่",นกกระสายักษ์ ลำตัวสีเทา คอยาว ยืนนิ่งดุจรูปปั้นเพื่อรอจังหวะพุ่งจับปลา
25,นกกาน้ำเล็ก,Little Cormorant,Microcarbo niger,Suliformes,Phalacrocoracidae,สัตว์ปีก (นก),สัตว์ประจำถิ่นไทย (Native),LC (มีความเสี่ยงต่ำ),"สวนสัตว์เปิดเขาเขียว, สวนสัตว์สงขลา, ซาฟารีเวิลด์",นกกาน้ำขนาดเล็กพบได้ทั่วไปตามแหล่งน้ำ เกาะกิ่งไม้ผึ่งปีกตากแดดเป็นประจำ
26,นกกาน้ำใหญ่,Great Cormorant,Phalacrocorax carbo,Suliformes,Phalacrocoracidae,สัตว์ปีก (นก),สัตว์ประจำถิ่น / อพยพ,LC (มีความเสี่ยงต่ำ),"สวนสัตว์เปิดเขาเขียว, สวนสัตว์นครราชสีมา",นักดำน้ำจับปลาชั้นยอด ขนสีดำขลับ โคนปากสีเหลือง ว่ายน้ำเก่งมาก
27,นกกาบบัว,Painted Stork,Mycteria leucocephala,Ciconiiformes,Ciconiidae,สัตว์ปีก (นก),สัตว์ประจำถิ่นไทย (Native),NT (ใกล้ถูกคุกคาม),"สวนสัตว์เปิดเขาเขียว, สวนสัตว์นครราชสีมา, ซาฟารีเวิลด์",นกกระสาตัวใหญ่ ปลายปีกแต้มสีชมพูคล้ายกลีบดอกบัว หากินตามบึงน้ำ
28,นกกินปลีอกเหลือง,Olive-backed Sunbird,Cinnyris jugularis,Passeriformes,Nectariniidae,สัตว์ปีก (นก),สัตว์ประจำถิ่นไทย (Native),LC (มีความเสี่ยงต่ำ),"สวนสัตว์เปิดเขาเขียว, สวนสัตว์สงขลา, สวนสัตว์เชียงใหม่",'ฮัมมิงเบิร์ดเมืองไทย' ปากโค้งดูดน้ำหวานดอกไม้ ตัวผู้ใต้คอมีแถบขนสีน้ำเงินเข้มเหลือบเงา
29,นกแก๊ก,Oriental Pied Hornbill,Anthracoceros albirostris,Bucerotiformes,Bucerotidae,สัตว์ปีก (นก),สัตว์ประจำถิ่นไทย (Native),LC (มีความเสี่ยงต่ำ),"สวนสัตว์เปิดเขาเขียว, สวนสัตว์สงขลา, สวนสัตว์เชียงใหม่",นกเงือกขนาดเล็กที่สุด พบบ่อยที่สุด เลี้ยงง่ายและเชื่องมากในกรงนกใหญ่เขาเขียว
30,นกแก้วกรีนวิงมาคอว์,Red-and-green Macaw,Ara chloropterus,Psittaciformes,Psittacidae,สัตว์ปีก (นก),สัตว์ต่างถิ่นนำเข้า (Exotic),LC (มีความเสี่ยงต่ำ),"ซาฟารีเวิลด์, สวนสัตว์เปิดเขาเขียว, สวนสัตว์เชียงใหม่",มาคอว์ขนาดใหญ่อันดับสอง ลำตัวสีแดงสด ปีกมีแถบสีเขียวเข้มและน้ำเงิน
31,นกแก้วค็อกคาเทล,Cockatiel,Nymphicus hollandicus,Psittaciformes,Cacatuidae,สัตว์ปีก (นก),สัตว์ต่างถิ่นนำเข้า (Exotic),LC (มีความเสี่ยงต่ำ),"สวนสัตว์เปิดเขาเขียว, สวนสัตว์เชียงใหม่, ซาฟารีเวิลด์",แก้มส้ม หงอนชี้ ผิวปากเลียนเสียงเพลงได้เก่งมาก อัธยาศัยดี
32,นกแก้วซันคอนัวร์,Sun Conure,Aratinga solstitialis,Psittaciformes,Psittacidae,สัตว์ปีก (นก),สัตว์ต่างถิ่นนำเข้า (Exotic),EN (ใกล้สูญพันธุ์),"ซาฟารีเวิลด์, สวนสัตว์เปิดเขาเขียว, สวนสัตว์เชียงใหม่, สวนสัตว์ขอนแก่น",นกแก้วขนาดกลางสีเหลืองส้มสดใส เชื่องมากในโซนป้อนอาหารนกในสวนสัตว์
33,นกแก้วโนรีสายรุ้ง,Rainbow Lorikeet,Trichoglossus moluccanus,Psittaciformes,Psittacidae,สัตว์ปีก (นก),สัตว์ต่างถิ่นนำเข้า (Exotic),LC (มีความเสี่ยงต่ำ),"ซาฟารีเวิลด์, สวนสัตว์เปิดเขาเขียว, เชียงใหม่ไนท์ซาฟารี",ลิ้นมีพู่ขนคล้ายแปรงสำหรับดูดกินน้ำหวานจากเกสรดอกไม้ สีสันสดใสทั่วตัว
34,นกแก้วมาคอว์สีน้ำเงิน-ทอง,Blue-and-yellow Macaw,Ara ararauna,Psittaciformes,Psittacidae,สัตว์ปีก (นก),สัตว์ต่างถิ่นนำเข้า (Exotic),LC (มีความเสี่ยงต่ำ),"ซาฟารีเวิลด์, สวนสัตว์เปิดเขาเขียว, สวนสัตว์เชียงใหม่, สวนสัตว์นครราชสีมา",นกแก้วอเมริกาใต้ยอดนิยม ฉลาด เลียนเสียงพูดได้ มีโชว์นกแสนรู้ที่ซาฟารีเวิลด์
35,นกแก้วสการ์เล็ตมาคอว์,Scarlet Macaw,Ara macao,Psittaciformes,Psittacidae,สัตว์ปีก (นก),สัตว์ต่างถิ่นนำเข้า (Exotic),LC (มีความเสี่ยงต่ำ),"ซาฟารีเวิลด์, สวนสัตว์เปิดเขาเขียว, สวนสัตว์เชียงใหม่",สีสันสดใส แดง เหลือง น้ำเงิน จะงอยปากแข็งแรงขบเมล็ดพืชเปลือกแข็งได้
36,นกแก้วหงส์หยก,Budgerigar,Melopsittacus undulatus,Psittaciformes,Psittacidae,สัตว์ปีก (นก),สัตว์ต่างถิ่นนำเข้า (Exotic),LC (มีความเสี่ยงต่ำ),"สวนสัตว์เปิดเขาเขียว, สวนสัตว์เชียงใหม่, ซาฟารีเวิลด์",นกแก้วขนาดเล็กยอดนิยม ลวดลายคลื่นบนปีก มีฝูงใหญ่ให้ป้อนอาหารในกรงเปิด
37,นกแก้วอีเล็คตัส,Eclectus Parrot,Eclectus roratus,Psittaciformes,Psittacidae,สัตว์ปีก (นก),สัตว์ต่างถิ่นนำเข้า (Exotic),LC (มีความเสี่ยงต่ำ),"สวนสัตว์เปิดเขาเขียว, ซาฟารีเวิลด์, สวนสัตว์เชียงใหม่",ตัวผู้สีเขียวมรกต ตัวเมียสีแดงสดสลับน้ำเงิน สีต่างกันอย่างสิ้นเชิงจนเคยเข้าใจผิดว่าเป็นคนละชนิด
38,นกแก้วแอฟริกันเกรย์,African Grey Parrot,Psittacus erithacus,Psittaciformes,Psittacidae,สัตว์ปีก (นก),สัตว์ต่างถิ่นนำเข้า (Exotic),EN (ใกล้สูญพันธุ์),"ซาฟารีเวิลด์, สวนสัตว์เปิดเขาเขียว, สวนสัตว์นครราชสีมา",นกที่ฉลาดที่สุดในโลก ขนสีเทาหางแดงสด จดจำคำศัพท์และเข้าใจบริบทภาษาได้อย่างน่าทึ่ง
39,นกแก้วไฮยาซินธ์มาคอว์,Hyacinth Macaw,Anodorhynchus hyacinthinus,Psittaciformes,Psittacidae,สัตว์ปีก (นก),สัตว์ต่างถิ่นนำเข้า (Exotic),VU (มีแนวโน้มใกล้สูญพันธุ์),"ซาฟารีเวิลด์, สวนสัตว์เปิดเขาเขียว",นกแก้วบินได้ขนาดใหญ่ที่สุดในโลก ขนสีน้ำเงินโคบอลต์ รอบตามีวงแหวนสีเหลืองทอง
40,นกขมิ้นท้ายทอยดำ,Black-naped Oriole,Oriolus chinensis,Passeriformes,Oriolidae,สัตว์ปีก (นก),สัตว์ประจำถิ่น / อพยพ,LC (มีความเสี่ยงต่ำ),"สวนสัตว์เปิดเขาเขียว, สวนสัตว์เชียงใหม่, สวนสัตว์นครราชสีมา",ขนสีเหลืองทองสว่างสดใส มีแถบสีดำคาดผ่านดวงตาไปถึงท้ายทอย เสียงร้องใสไพเราะ
41,นกเขาชวา / นกเขานกแล,Zebra Dove,Geopelia striata,Columbiformes,Columbidae,สัตว์ปีก (นก),สัตว์ประจำถิ่นไทย (Native),LC (มีความเสี่ยงต่ำ),"สวนสัตว์สงขลา, สวนสัตว์เปิดเขาเขียว",นกเขาลายบั้งสลักละเอียด เสียงขันไพเราะ มีการจัดแข่งขันนกเขาชวาเสียงระดับอาเซียนที่ยะลา
42,นกเขาไฟ,Red Collared Dove,Streptopelia tranquebarica,Columbiformes,Columbidae,สัตว์ปีก (นก),สัตว์ประจำถิ่นไทย (Native),LC (มีความเสี่ยงต่ำ),"สวนสัตว์เปิดเขาเขียว, สวนสัตว์นครราชสีมา",ตัวผู้ลำตัวสีน้ำตาลแดงเพลิง รอบคอด้านหลังมีแถบสีดำพาดคล้ายปลอกคอ
43,นกเขาใหญ่,Spotted Dove,Spilopelia chinensis,Columbiformes,Columbidae,สัตว์ปีก (นก),สัตว์ประจำถิ่นไทย (Native),LC (มีความเสี่ยงต่ำ),"สวนสัตว์เปิดเขาเขียว, สวนสัตว์เชียงใหม่, สวนสัตว์นครราชสีมา",มีแถบขนลายจุดขาวบนพื้นดำรอบคอ เสียงขันกังวานทุ้มนุ่มนวล พบบ่อยทั่วไป
44,นกเขียวคราม,Asian Fairy-bluebird,Irena puella,Passeriformes,Irenidae,สัตว์ปีก (นก),สัตว์ประจำถิ่นไทย (Native),LC (มีความเสี่ยงต่ำ),"สวนสัตว์เปิดเขาเขียว, สวนสัตว์สงขลา, สวนสัตว์เชียงใหม่",ตัวผู้หลังสีฟ้าครามแวววาว ด้านล่างสีดำขลับ ตาโตสีแดงสดใส กินผลไม้สุกในป่าดงดิบ
45,นกคาสโซวารีใต้,Southern Cassowary,Casuarius casuarius,Casuariiformes,Casuariidae,สัตว์ปีก (นก),สัตว์ต่างถิ่นนำเข้า (Exotic),LC (มีความเสี่ยงต่ำ),"สวนสัตว์เปิดเขาเขียว, สวนสัตว์เชียงใหม่, ซาฟารีเวิลด์",'นกที่อันตรายที่สุดในโลก' บนหัวมีหงอนกระดูก กรงเล็บนิ้วเท้าแหลมคมคล้ายกริช
46,นกคุ่มอกดำ,Rain Quail,Coturnix coromandelica,Galliformes,Phasianidae,สัตว์ปีก (นก),สัตว์ประจำถิ่นไทย (Native),LC (มีความเสี่ยงต่ำ),"สวนสัตว์เปิดเขาเขียว, สวนสัตว์นครราชสีมา",นกคุ่มขนาดเล็ก บินเรี่ยดิน ตัวผู้มีแต้มสีดำเข้มกลางอก
47,นกเค้ากู่,Collared Scops Owl,Otus lettia,Strigiformes,Strigidae,สัตว์ปีก (นก),สัตว์ประจำถิ่นไทย (Native),LC (มีความเสี่ยงต่ำ),"สวนสัตว์เปิดเขาเขียว, สวนสัตว์สงขลา",นกฮูกขนาดเล็ก มีขนหงอนคล้ายหู ร้องเสียง 'กู๊...กู๊' ในเวลากลางคืน
48,นกเค้าจุด,Spotted Owlet,Athene brama,Strigiformes,Strigidae,สัตว์ปีก (นก),สัตว์ประจำถิ่นไทย (Native),LC (มีความเสี่ยงต่ำ),"สวนสัตว์เปิดเขาเขียว, สวนสัตว์นครราชสีมา",ลำตัวแต้มจุดสีขาว มักอาศัยตามโพรงต้นไม้ในสวนและวัด ทำท่าผงกหัวดุ๊กดิ๊กเมื่อจ้องมอง
49,นกเค้าแมวหิมะ,Snowy Owl,Bubo scandiacus,Strigiformes,Strigidae,สัตว์ปีก (นก),สัตว์ต่างถิ่นนำเข้า (Exotic),VU (มีแนวโน้มใกล้สูญพันธุ์),สวนสัตว์เชียงใหม่ (โซนเมืองหิมะ/สัตว์เขตหนาว),นกเค้าแมวสีขาวล้วนจากเขตอาร์กติก ตาโตสีเหลืองสดใส บินเงียบกริบ
50,นกเค้าโมง / นกเค้าแมว,Asian Barred Owlet,Glaucidium cuculoides,Strigiformes,Strigidae,สัตว์ปีก (นก),สัตว์ประจำถิ่นไทย (Native),LC (มีความเสี่ยงต่ำ),"สวนสัตว์เปิดเขาเขียว, สวนสัตว์เชียงใหม่",นกเค้าแมวขนาดเล็ก ลายบั้งตามขวาง มักหากินตอนพลบค่ำและเช้าตรู่
51,นกเค้าใหญ่พันธุ์เนปาล,Spot-bellied Eagle-Owl,Ketupa nipalensis,Strigiformes,Strigidae,สัตว์ปีก (นก),สัตว์ประจำถิ่นไทย (Native),LC (มีความเสี่ยงต่ำ),"สวนสัตว์เปิดเขาเขียว, สวนสัตว์เชียงใหม่",นกเค้าแมวขนาดใหญ่ที่สุดในไทย ขนคิ้วชี้ขึ้นเป็นรูปหู เสียงร้องโหยหวนคล้ายมนุษย์
52,นกเงือกกรามช้าง,Wreathed Hornbill,Rhyticeros undulatus,Bucerotiformes,Bucerotidae,สัตว์ปีก (นก),สัตว์ประจำถิ่นไทย (Native),VU (มีแนวโน้มใกล้สูญพันธุ์),"สวนสัตว์เปิดเขาเขียว, สวนสัตว์เชียงใหม่, สวนสัตว์สงขลา",โหนกเป็นรอยหยักคล้ายฟันกรามช้าง ถุงใต้คอตัวผู้สีเหลืองสด ตัวเมียสีฟ้าคราม
53,นกเงือกคอแดง,Rufous-necked Hornbill,Aceros nipalensis,Bucerotiformes,Bucerotidae,สัตว์ปีก (นก),สัตว์ประจำถิ่นไทย (Native),VU (มีแนวโน้มใกล้สูญพันธุ์),"สวนสัตว์เชียงใหม่, สถานีเพาะเลี้ยงสัตว์ป่าห้วยขาแข้ง",หัว คอ และอกตัวผู้สีน้ำตาลแดงสดใส ไม่มีโหนกชัดเจน พบตามป่าดอยสูงภาคเหนือและตะวันตก
54,นกเงือกปากดำ,Black Hornbill,Anthracoceros malayanus,Bucerotiformes,Bucerotidae,สัตว์ปีก (นก),สัตว์ประจำถิ่นไทย (Native),VU (มีแนวโน้มใกล้สูญพันธุ์),"สวนสัตว์สงขลา, สวนสัตว์เปิดเขาเขียว",ขนสีดำสนิท ตัวผู้มีจะงอยปากสีขาวงาช้าง ตัวเมียปากสีดำ พบในป่าภาคใต้
55,นกเงือกสีน้ำตาล,Brown Hornbill,Anorrhinus austeni,Bucerotiformes,Bucerotidae,สัตว์ปีก (นก),สัตว์ประจำถิ่นไทย (Native),NT (ใกล้ถูกคุกคาม),"สวนสัตว์เปิดเขาเขียว, สวนสัตว์นครราชสีมา",ชอบอยู่รวมกันเป็นฝูง มีระบบช่วยกันเลี้ยงลูกนกในรัง (Cooperative breeding)
56,นกเงือกหัวหงอก,White-crowned Hornbill,Berenicornis comatus,Bucerotiformes,Bucerotidae,สัตว์ปีก (นก),สัตว์ประจำถิ่นไทย (Native),EN (ใกล้สูญพันธุ์),"สวนสัตว์เปิดเขาเขียว, สวนสัตว์สงขลา",นกเงือกหายาก บนหัวมีหงอนขนสีขาวฟูตั้งชัน กินสัตว์เลื้อยคลานและแมลงเป็นหลัก
57,นกชนหิน,Helmeted Hornbill,Rhinoplax vigil,Bucerotiformes,Bucerotidae,สัตว์ปีก (นก),สัตว์ประจำถิ่นไทย (Native),CR (วิกฤติต่อการสูญพันธุ์),"สวนสัตว์สงขลา, สถานีวิจัยสัตว์ป่าบาลา-ฮาลา",สัตว์ป่าสงวนลำดับที่ 20 ของไทย โหนกตันสีแดงคล้ายงาช้าง ถูกล่าอย่างหนักจนวิกฤติ
58,นกช้อนหอยขาว,Black-headed Ibis,Threskiornis melanocephalus,Pelecaniformes,Threskiornithidae,สัตว์ปีก (นก),สัตว์ประจำถิ่นไทย (Native),NT (ใกล้ถูกคุกคาม),"สวนสัตว์เปิดเขาเขียว, สวนสัตว์นครราชสีมา",ลำตัวสีขาว หัวและคอดำสนิทไร้ขน ปากโค้งยาวคล้ายเคียวสำหรับชอนไชจับสัตว์น้ำเล็ก
59,นกชาปีไหน,Nicobar Pigeon,Caloenas nicobarica,Columbiformes,Columbidae,สัตว์ปีก (นก),สัตว์ประจำถิ่นไทย (Native),NT (ใกล้ถูกคุกคาม),"สวนสัตว์เปิดเขาเขียว, สวนสัตว์สงขลา, สวนสัตว์เชียงใหม่, หมู่เกาะสิมิลัน",นกพิราบป่าสีสวยที่สุด ขนคอยาวแหลมคล้ายสร้อยคอ ขนลำตัวเหลือบเงาสีเขียวมรกตและทองแดง
60,นกแซงแซวหางบ่วงใหญ่,Greater Racket-tailed Drongo,Dicrurus paradiseus,Passeriformes,Dicruridae,สัตว์ปีก (นก),สัตว์ประจำถิ่นไทย (Native),LC (มีความเสี่ยงต่ำ),"สวนสัตว์เปิดเขาเขียว, สวนสัตว์เชียงใหม่, สวนสัตว์สงขลา",ขนหางคู่นอกยาวมาก มีก้านเรียวยาวปลายแผ่เป็นพู่บ่วง เลียนเสียงสัตว์อื่นได้หลากหลาย
61,นกแซงแซวหางปลา,Black Drongo,Dicrurus macrocercus,Passeriformes,Dicruridae,สัตว์ปีก (นก),สัตว์ประจำถิ่นไทย (Native),LC (มีความเสี่ยงต่ำ),"สวนสัตว์เปิดเขาเขียว, สวนสัตว์นครราชสีมา",ขนดำสนิท หางแฉกเว้าลึกคล้ายหางปลา กล้าหาญบินไล่จิกเหยี่ยวและนกกาที่เข้ามาใกล้รัง
62,นกตะกราม,Greater Adjutant,Leptoptilos dubius,Ciconiiformes,Ciconiidae,สัตว์ปีก (นก),สัตว์ประจำถิ่นไทย (Native),EN (ใกล้สูญพันธุ์),"สวนสัตว์เปิดเขาเขียว, สวนสัตว์นครราชสีมา, สถานีเพาะเลี้ยงสัตว์ป่าบางละมุง",นกกระสาขนาดยักษ์ หัวล้าน ถุงลมใต้คอยาว หายากมากในธรรมชาติไทย
63,นกตะกรุม,Lesser Adjutant,Leptoptilos javanicus,Ciconiiformes,Ciconiidae,สัตว์ปีก (นก),สัตว์ประจำถิ่นไทย (Native),VU (มีแนวโน้มใกล้สูญพันธุ์),"สวนสัตว์เปิดเขาเขียว, สวนสัตว์สงขลา, สวนสัตว์นครราชสีมา",ขนาดเล็กกว่านกตะกราม ไม่มีถุงลมใต้คอ พบหากินตามทุ่งนาและป่าพรุ
64,นกแต้วแร้วท้องดำ,Gurney's Pitta,Hydrornis gurneyi,Passeriformes,Pittidae,สัตว์ปีก (นก),สัตว์ประจำถิ่นไทย (Native),CR (วิกฤติต่อการสูญพันธุ์อย่างยิ่ง),"สวนสัตว์สงขลา, เขตรักษาพันธุ์สัตว์ป่าเขาประ-บางคราม กระบี่",สัตว์ป่าสงวนของไทย หนึ่งในนกหายากที่สุดในโลก ตัวผู้กระหม่อมสีฟ้าสด ท้องดำ อกเหลือง
65,นกแต้วแร้วธรรมดา,Blue-winged Pitta,Pitta moluccensis,Passeriformes,Pittidae,สัตว์ปีก (นก),สัตว์ประจำถิ่น / อพยพ,LC (มีความเสี่ยงต่ำ),"สวนสัตว์เปิดเขาเขียว, สวนสัตว์สงขลา",นก 7 สี หัวลายแถบดำ ปีกสีฟ้ามรกต ท้องสีส้ม ก้นสีแดงสด ร้อง 'แต้ว-แร้ว' ชัดเจน
66,นกทูแคนโทโค,Toco Toucan,Ramphastos toco,Piciformes,Ramphastidae,สัตว์ปีก (นก),สัตว์ต่างถิ่นนำเข้า (Exotic),LC (มีความเสี่ยงต่ำ),"ซาฟารีเวิลด์, สวนสัตว์เปิดเขาเขียว",ทูแคนสายพันธุ์ที่ใหญ่ที่สุด ปากสีส้มเหลืองสดแต้มดำที่ปลายปาก รอบตาสีฟ้า
67,นกทูแคนอกขาว,White-throated Toucan,Ramphastos tucanus,Piciformes,Ramphastidae,สัตว์ปีก (นก),สัตว์ต่างถิ่นนำเข้า (Exotic),VU (มีแนวโน้มใกล้สูญพันธุ์),"ซาฟารีเวิลด์, สวนสัตว์เปิดเขาเขียว, เชียงใหม่ไนท์ซาฟารี",ปากยาวใหญ่สีสันสดใส แต่น้ำหนักเบาเพราะมีโครงสร้างคล้ายรังผึ้งภายใน
68,นกนางนวลธรรมดา,Brown-headed Gull,Chroicocephalus brunnicephalus,Charadriiformes,Laridae,สัตว์ปีก (นก),สัตว์อพยพฤดูหนาว,LC (มีความเสี่ยงต่ำ),"สถานตากอากาศบางปู สมุทรปราการ, สวนสัตว์เปิดเขาเขียว",นกอพยพหนีหนาวจากทิเบต บินโฉบรับกากหมูจากมือนักท่องเที่ยวริมทะเลบางปู
69,นกปากห่าง,Asian Openbill,Anastomus oscitans,Ciconiiformes,Ciconiidae,สัตว์ปีก (นก),สัตว์ประจำถิ่นไทย (Native),LC (มีความเสี่ยงต่ำ),"สวนสัตว์เปิดเขาเขียว, วัดไผ่ล้อม ปทุมธานี, สวนสัตว์นครราชสีมา",จะงอยปากประกบกันไม่สนิทตรงกลาง มีช่องว่างสำหรับขบเปลือกหอยเชอรี่กิน
70,นกเป็ดน้ำแมนดาริน,Mandarin Duck,Aix galericulata,Anseriformes,Anatidae,สัตว์ปีก (นก),สัตว์ต่างถิ่นนำเข้า (Exotic),LC (มีความเสี่ยงต่ำ),"สวนสัตว์เปิดเขาเขียว, สวนสัตว์เชียงใหม่, สวนสัตว์นครราชสีมา",เป็ดน้ำสีสันสวยงามที่สุดในโลก สัญลักษณ์แห่งความรักและความซื่อสัตย์
71,นกเป็ดผีเล็ก,Little Grebe,Tachybaptus ruficollis,Podicipediformes,Podicipedidae,สัตว์ปีก (นก),สัตว์ประจำถิ่นไทย (Native),LC (มีความเสี่ยงต่ำ),"สวนสัตว์เปิดเขาเขียว, สวนสัตว์สงขลา",นกน้ำตัวเล็กกลมป้อม ดำน้ำเก่งมาก ผุดขึ้นและดำหายไปอย่างรวดเร็ว
72,นกพริก,Bronze-winged Jacana,Metopidius indicus,Charadriiformes,Jacanidae,สัตว์ปีก (นก),สัตว์ประจำถิ่นไทย (Native),LC (มีความเสี่ยงต่ำ),"สวนสัตว์เปิดเขาเขียว, สวนสัตว์นครราชสีมา",นิ้วเท้ายาวมาก ทำให้น้ำหนักกระจายสามารถเดินบนใบบัวและพืชลอยน้ำได้โดยไม่จม
73,นกเพนกวินเจนทู,Gentoo Penguin,Pygoscelis papua,Sphenisciformes,Spheniscidae,สัตว์ปีก (นก),สัตว์ต่างถิ่นนำเข้า (Exotic),LC (มีความเสี่ยงต่ำ),สวนสัตว์เชียงใหม่ (โซนเมืองหิมะ Snow Dome),เพนกวินเขตขั้วโลกใต้ ว่ายน้ำเร็วที่สุดในบรรดาเพนกวิน มีแถบขาวพาดบนหัว
74,นกเพนกวินฮัมโบลด์,Humboldt Penguin,Spheniscus humboldti,Sphenisciformes,Spheniscidae,สัตว์ปีก (นก),สัตว์ต่างถิ่นนำเข้า (Exotic),VU (มีแนวโน้มใกล้สูญพันธุ์),"สวนสัตว์เปิดเขาเขียว, สวนสัตว์เชียงใหม่, สวนสัตว์สงขลา, สวนสัตว์นครราชสีมา",ดาวเด่นโชว์พาเหรดเพนกวินเดินเตาะแตะยอดนิยมทั้งที่เขาเขียวและเชียงใหม่
75,นกโพระดกคอสีฟ้า,Blue-throated Barbet,Psilopogon asiaticus,Piciformes,Megalaimidae,สัตว์ปีก (นก),สัตว์ประจำถิ่นไทย (Native),LC (มีความเสี่ยงต่ำ),"สวนสัตว์เปิดเขาเขียว, สวนสัตว์เชียงใหม่",หัวสีแดง คอสีฟ้าสดใส ลำตัวสีเขียว เจาะโพรงไม้วางไข่ ร้องเสียงดังก้องป่า 'ก๊ก-ก๊ก-ก๊ก'
76,นกโพระดกหูเขียว,Green-eared Barbet,Psilopogon faiostrictus,Piciformes,Megalaimidae,สัตว์ปีก (นก),สัตว์ประจำถิ่นไทย (Native),LC (มีความเสี่ยงต่ำ),"สวนสัตว์เปิดเขาเขียว, สวนสัตว์นครราชสีมา",ขนลำตัวสีเขียว ลายแต้มสีน้ำตาลที่หัวและอก กินลูกไม้และไทรสุกเป็นอาหารหลัก
77,นกฟลามิงโกแคระ,Lesser Flamingo,Phoeniconaias minor,Phoenicopteriformes,Phoenicopteridae,สัตว์ปีก (นก),สัตว์ต่างถิ่นนำเข้า (Exotic),NT (ใกล้ถูกคุกคาม),"สวนสัตว์เปิดเขาเขียว, ซาฟารีเวิลด์",ขนาดเล็กกว่าฟลามิงโกใหญ่ สีชมพูเข้มกว่า จะงอยปากสีแดงเข้มปลายดำ
78,นกฟลามิงโกใหญ่,Greater Flamingo,Phoenicopterus roseus,Phoenicopteriformes,Phoenicopteridae,สัตว์ปีก (นก),สัตว์ต่างถิ่นนำเข้า (Exotic),LC (มีความเสี่ยงต่ำ),"สวนสัตว์เปิดเขาเขียว, สวนสัตว์นครราชสีมา, สวนสัตว์เชียงใหม่, ซาฟารีเวิลด์",นกขายาวขนสีชมพู ยืนขาเดียวพักผ่อน มีกรงจัดแสดงขนาดใหญ่ในแทบทุกสวนสัตว์
79,นกฟินช์เจ็ดสี / กูลเดียนฟินช์,Gouldian Finch,Chloebia gouldiae,Passeriformes,Estrildidae,สัตว์ปีก (นก),สัตว์ต่างถิ่นนำเข้า (Exotic),NT (ใกล้ถูกคุกคาม),"สวนสัตว์เปิดเขาเขียว (กรงนกเล็ก), ซาฟารีเวิลด์",นกฟินช์ออสเตรเลียที่มีสีสันสดใสที่สุดในโลก ผสมผสานสีแดง เหลือง เขียว ม่วง ฟ้าในตัวเดียว
80,นกยางโทนใหญ่,Great Egret,Ardea alba,Pelecaniformes,Ardeidae,สัตว์ปีก (นก),สัตว์ประจำถิ่นไทย (Native),LC (มีความเสี่ยงต่ำ),"สวนสัตว์เปิดเขาเขียว, สวนสัตว์สงขลา, ซาฟารีเวิลด์",นกยางสีขาวล้วนขนาดใหญ่ที่สุด ปากสีเหลือง ขาสีดำ ในฤดูผสมพันธุ์จะมีขนประดับหลังยาวสยาย
81,นกยางเปีย,Little Egret,Egretta garzetta,Pelecaniformes,Ardeidae,สัตว์ปีก (นก),สัตว์ประจำถิ่นไทย (Native),LC (มีความเสี่ยงต่ำ),"สวนสัตว์เปิดเขาเขียว, สวนสัตว์สงขลา",นกยางขาวขนาดเล็ก ขาสีดำแต่นิ้วเท้าสีเหลืองสด ท้ายทอยมีขนเปียยาวสองเส้นในฤดูผสมพันธุ์
82,นกยูงไทย,Green Peafowl,Pavo muticus,Galliformes,Phasianidae,สัตว์ปีก (นก),สัตว์ประจำถิ่นไทย (Native),EN (ใกล้สูญพันธุ์),"สวนสัตว์เปิดเขาเขียว, สวนสัตว์เชียงใหม่, สวนสัตว์นครราชสีมา, เขตรักษาพันธุ์สัตว์ป่าเวียงลอ",หงอนบนหัวเป็นพู่ตั้งตรง แพนหางยาวแผ่รำแพนสวยงาม หายากกว่านกยูงอินเดีย
83,นกยูงอินเดีย,Indian Peafowl,Pavo cristatus,Galliformes,Phasianidae,สัตว์ปีก (นก),สัตว์ต่างถิ่นนำเข้า (Exotic),LC (มีความเสี่ยงต่ำ),"สวนสัตว์เปิดเขาเขียว, สวนสัตว์เชียงใหม่, สวนสัตว์นครราชสีมา, ซาฟารีเวิลด์",คอสีน้ำเงินเหลือบเงา หงอนรูปพัด เดินอิสระตามลานในสวนสัตว์เปิดเขาเขียว
84,นกเลิฟเบิร์ด,Rosy-faced Lovebird,Agapornis roseicollis,Psittaciformes,Psittacidae,สัตว์ปีก (นก),สัตว์ต่างถิ่นนำเข้า (Exotic),LC (มีความเสี่ยงต่ำ),"สวนสัตว์เปิดเขาเขียว, ซาฟารีเวิลด์",นกแก้วคู่รัก อยู่แนบชิดติดกันตลอดเวลา ใบหน้าสีพีชลำตัวสีเขียวสด
85,นกแสก,Barn Owl,Tyto alba,Strigiformes,Tytonidae,สัตว์ปีก (นก),สัตว์ประจำถิ่นไทย (Native),LC (มีความเสี่ยงต่ำ),"สวนสัตว์เปิดเขาเขียว, สวนสัตว์นครราชสีมา, สวนสัตว์สงขลา",ใบหน้ารูปหัวใจสีขาว ช่วยดักจับหนูในสวนปาล์มและพื้นที่เกษตรได้อย่างดีเลิศ
86,นกอ้ายงั่ว / นกคองู,Oriental Darter,Anhinga melanogaster,Suliformes,Anhingidae,สัตว์ปีก (นก),สัตว์ประจำถิ่นไทย (Native),NT (ใกล้ถูกคุกคาม),"สวนสัตว์เปิดเขาเขียว, สวนสัตว์นครราชสีมา, สวนสัตว์สงขลา",ดำน้ำจับปลาโดยโผล่เฉพาะส่วนคอเลื้อยคล้ายงู ปากแหลมคมแทงปลา ปีกเปียกน้ำต้องกางปีกตากแดด
87,นกอินทรีดำ,Black Eagle,Ictinaetus malaiensis,Accipitriformes,Accipitridae,สัตว์ปีก (นก),สัตว์ประจำถิ่นไทย (Native),LC (มีความเสี่ยงต่ำ),"สวนสัตว์เปิดเขาเขียว, สวนสัตว์เชียงใหม่",ขนสีดำสนิท ปีกกว้างร่อนเหนือเรือนยอดไม้เพื่อล่าไข่และลูกนกในรัง
88,นกอินทรีทะเลหัวขาว,Bald Eagle,Haliaeetus leucocephalus,Accipitriformes,Accipitridae,สัตว์ปีก (นก),สัตว์ต่างถิ่นนำเข้า (Exotic),LC (มีความเสี่ยงต่ำ),"ซาฟารีเวิลด์, สวนสัตว์เปิดเขาเขียว",นกสัญลักษณ์ประจำชาติสหรัฐอเมริกา หัวและหางขาว กรงเล็บทรงพลัง
89,นกอินทรีหัวไหล่ขาว,Eastern Imperial Eagle,Aquila heliaca,Accipitriformes,Accipitridae,สัตว์ปีก (นก),สัตว์อพยพ / ต่างถิ่น,VU (มีแนวโน้มใกล้สูญพันธุ์),"สวนสัตว์เปิดเขาเขียว, สวนสัตว์นครราชสีมา",อินทรียักษ์ หัวสีทอง มีแถบสีขาวเด่นชัดบนหัวไหล่ บินอพยพผ่านไทยในฤดูหนาว
90,นกอีมู,Emu,Dromaius novaehollandiae,Casuariiformes,Casuariidae,สัตว์ปีก (นก),สัตว์ต่างถิ่นนำเข้า (Exotic),LC (มีความเสี่ยงต่ำ),"สวนสัตว์เปิดเขาเขียว, สวนสัตว์เชียงใหม่, ซาฟารีเวิลด์",นกบินไม่ได้ขนาดใหญ่อันดับสองของโลกจากออสเตรเลีย นิสัยอยากรู้อยากเห็น
91,นกอีล้ำ,Common Moorhen,Gallinula chloropus,Gruiformes,Rallidae,สัตว์ปีก (นก),สัตว์ประจำถิ่นไทย (Native),LC (มีความเสี่ยงต่ำ),"สวนสัตว์เปิดเขาเขียว, สวนสัตว์สงขลา, สวนสัตว์เชียงใหม่",หน้าผากและโคนปากสีแดงสด ปลายปากสีเหลือง ว่ายน้ำโยกหัวไปมาอย่างน่ารัก
92,นกอีลุ้ม,Watercock,Gallicrex cinerea,Gruiformes,Rallidae,สัตว์ปีก (นก),สัตว์ประจำถิ่นไทย (Native),LC (มีความเสี่ยงต่ำ),"สวนสัตว์เปิดเขาเขียว, สวนสัตว์นครราชสีมา",ตัวผู้ในฤดูผสมพันธุ์มีเหนียงหน้าผากสีแดงสด ขนสีเทาดำ ขี้อายหากินตามทุ่งนา
93,นกเอี้ยงสาริกา,Common Myna,Acridotheres tristis,Passeriformes,Sturnidae,สัตว์ปีก (นก),สัตว์ประจำถิ่นไทย (Native),LC (มีความเสี่ยงต่ำ),"สวนสัตว์เปิดเขาเขียว, สวนสัตว์นครราชสีมา, สวนสัตว์เชียงใหม่",รอบตาสีเหลืองสด ลำตัวสีน้ำตาลเข้ม ฉลาด เดินก้าวกระโดด เลียนเสียงพูดได้
94,นกเอี้ยงหงอน,Great Myna (White-vented Myna),Acridotheres grandis,Passeriformes,Sturnidae,สัตว์ปีก (นก),สัตว์ประจำถิ่นไทย (Native),LC (มีความเสี่ยงต่ำ),"สวนสัตว์เปิดเขาเขียว, สวนสัตว์นครราชสีมา, สวนสัตว์สงขลา",บนหน้าผากมีหงอนขนสีดำตั้งชัน จะงอยปากสีเหลือง มักเกาะบนหลังควายเพื่อกินแมลง
95,เป็ดก่า,White-winged Duck,Asarcornis scutulata,Anseriformes,Anatidae,สัตว์ปีก (นก),สัตว์ประจำถิ่นไทย (Native),EN (ใกล้สูญพันธุ์),"สวนสัตว์นครราชสีมา, สวนสัตว์เปิดเขาเขียว, เขตรักษาพันธุ์สัตว์ป่าภูเขียว",สัตว์ป่าสงวนของไทย เป็ดป่าขนาดใหญ่ หัวสีขาวแต้มจุดดำ ปีกมีแถบขาวเด่นชัด
96,หงส์ขาว,Mute Swan,Cygnus olor,Anseriformes,Anatidae,สัตว์ปีก (นก),สัตว์ต่างถิ่นนำเข้า (Exotic),LC (มีความเสี่ยงต่ำ),"สวนสัตว์เปิดเขาเขียว, สวนสัตว์เชียงใหม่, ซาฟารีเวิลด์",หงส์ยุโรปสีขาวสง่างาม โคนปากมีปุ่มเนื้อสีดำ ว่ายน้ำประดับบึงในสวนสัตว์
97,หงส์ดำ,Black Swan,Cygnus atratus,Anseriformes,Anatidae,สัตว์ปีก (นก),สัตว์ต่างถิ่นนำเข้า (Exotic),LC (มีความเสี่ยงต่ำ),"สวนสัตว์เปิดเขาเขียว, สวนสัตว์เชียงใหม่, สวนสัตว์นครราชสีมา, ซาฟารีเวิลด์",หงส์ออสเตรเลีย ขนสีดำสนิท ขนปีกหยักงดงาม จะงอยปากสีแดงสดใส
98,เหยี่ยวแดง,Brahminy Kite,Haliastur indus,Accipitriformes,Accipitridae,สัตว์ปีก (นก),สัตว์ประจำถิ่นไทย (Native),LC (มีความเสี่ยงต่ำ),"สวนสัตว์เปิดเขาเขียว, สวนสัตว์สงขลา, โอเอซิส ซีเวิลด์ จันทบุรี",หัวและอกสีขาว ลำตัวสีน้ำตาลแดง บินโฉบจับปลาตามชายฝั่งทะเลและป่าชายเลน
99,เหยี่ยวรุ้ง,Crested Serpent Eagle,Spilornis cheela,Accipitriformes,Accipitridae,สัตว์ปีก (นก),สัตว์ประจำถิ่นไทย (Native),LC (มีความเสี่ยงต่ำ),"สวนสัตว์เปิดเขาเขียว, สวนสัตว์เชียงใหม่, สวนสัตว์สงขลา",เหยี่ยวขนาดใหญ่ ท้ายทอยมีหงอนสั้น ใต้ปีกมีแถบขาวพาด เชี่ยวชาญการจับงูกินเป็นอาหาร
100,เหยี่ยวออสเปรย์ / เหยี่ยวเวหา,Osprey,Pandion haliaetus,Accipitriformes,Pandionidae,สัตว์ปีก (นก),สัตว์ประจำถิ่น / อพยพ,LC (มีความเสี่ยงต่ำ),"สวนสัตว์เปิดเขาเขียว, สวนสัตว์สงขลา",เชี่ยวชาญการจับปลา กรงเล็บโค้งแหลมพิเศษ สามารถบินพุ่งดิ่งลงไปจับปลาใต้ผิวน้ำได้
