id,thai_name,english_name,scientific_name,class,order,family,category,origin_type,iucn_status,thai_zoos,highlight_notes
1,กบตาหนามฮอร์นฟร็อก / กบแพ็กแมน,South American Horned Frog (Pacman),Ceratophrys cranwelli,Amphibia,Anura,Ceratophryidae,สัตว์สะเทินน้ำสะเทินบก,สัตว์ต่างถิ่นนำเข้า (Exotic),LC (มีความเสี่ยงต่ำ),"สวนสัตว์เปิดเขาเขียว, สวนสัตว์เชียงใหม่",ปากกว้างมากกลืนเหยื่อได้เกือบเท่าตัว เหนือตามีติ่งแหลมคล้ายเขา
2,กบทูด / กบภูเขาเบตง,Blyth's Giant Frog,Limnonectes blythii,Amphibia,Anura,Dicroglossidae,สัตว์สะเทินน้ำสะเทินบก,สัตว์ประจำถิ่นไทย (Native),NT (ใกล้ถูกคุกคาม),"สวนสัตว์สงขลา, สถานีวิจัยสัตว์ป่าเขานัน นครศรีธรรมราช",กบพื้นเมืองขนาดใหญ่ที่สุดในไทย อาศัยตามลำธารต้นน้ำป่าดิบชื้นภาคใต้
3,กบลูกศรพิษสีน้ำเงิน,Blue Poison Dart Frog,Dendrobates tinctorius azureus,Amphibia,Anura,Dendrobatidae,สัตว์สะเทินน้ำสะเทินบก,สัตว์ต่างถิ่นนำเข้า (Exotic),LC (มีความเสี่ยงต่ำ),"สวนสัตว์เปิดเขาเขียว (โซนสัตว์แปลก), ซาฟารีเวิลด์",กบสีน้ำเงินลายจุดดำ สัตว์มีพิษร้ายแรงจากป่าอเมริกาใต้ แต่ในกรงเลี้ยงไร้พิษเพราะอาหารเปลี่ยน
4,กระจงเล็ก,Lesser Mouse-deer,Tragulus kanchil,Mammalia,Artiodactyla,Tragulidae,สัตว์เลี้ยงลูกด้วยนม,สัตว์ประจำถิ่นไทย (Native),LC (มีความเสี่ยงต่ำ),"สวนสัตว์เปิดเขาเขียว, สวนสัตว์สงขลา, สวนสัตว์อุบลราชธานี",สัตว์กีบขนาดเล็กที่สุดในโลก ไม่มีเขา แต่ตัวผู้มีเขี้ยวยื่นยาว
5,กระทิง,Gaur,Bos gaurus,Mammalia,Artiodactyla,Bovidae,สัตว์เลี้ยงลูกด้วยนม,สัตว์ประจำถิ่นไทย (Native),VU (มีแนวโน้มใกล้สูญพันธุ์),"สวนสัตว์เปิดเขาเขียว, สวนสัตว์นครราชสีมา, สวนสัตว์ขอนแก่น, สวนสัตว์เชียงใหม่",วัวป่าขนาดใหญ่ที่สุดในโลก ขาสี่ข้างสวมถุงเท้าสีขาว
6,กวางดาว,Chital / Spotted Deer,Axis axis,Mammalia,Artiodactyla,Cervidae,สัตว์เลี้ยงลูกด้วยนม,สัตว์ต่างถิ่นนำเข้า (Exotic),LC (มีความเสี่ยงต่ำ),"สวนสัตว์เปิดเขาเขียว, สวนสัตว์เชียงใหม่, สวนสัตว์นครราชสีมา, ซาฟารีเวิลด์",กวางจุดขาวตลอดชีวิตจากอินเดีย เชื่องและคุ้นเคยกับนักท่องเที่ยว
7,กวางป่า / กวางม้า,Sambar Deer,Rusa unicolor,Mammalia,Artiodactyla,Cervidae,สัตว์เลี้ยงลูกด้วยนม,สัตว์ประจำถิ่นไทย (Native),VU (มีแนวโน้มใกล้สูญพันธุ์),"สวนสัตว์เปิดเขาเขียว, สวนสัตว์เชียงใหม่, สวนสัตว์นครราชสีมา, สวนสัตว์สงขลา",กวางพื้นเมืองขนาดใหญ่ที่สุดในเอเชียตะวันออกเฉียงใต้
8,กวางผาจีน,Chinese Goral,Naemorhedus griseus,Mammalia,Artiodactyla,Bovidae,สัตว์เลี้ยงลูกด้วยนม,สัตว์ประจำถิ่นไทย (Native),VU (มีแนวโน้มใกล้สูญพันธุ์),"สวนสัตว์เชียงใหม่, ดอยม่อนจอง, สถานีเพาะเลี้ยงสัตว์ป่าอมก๋อย",สัตว์ป่าสงวนของไทย ฉายา 'ม้าเทวดา' อาศัยตามยอดเขาสูงชัน
9,กะท่างน้ำดอยช้าง / กะท่างน้ำเหนือ,Himalayan Newt (Chiang Mai Newt),Tylototriton verrucosus / uyenoi,Amphibia,Caudata,Salamandridae,สัตว์สะเทินน้ำสะเทินบก,สัตว์ประจำถิ่นไทย (Native),LC / หายากในไทย,"สวนสัตว์เชียงใหม่, ดอยอินทนนท์, ดอยสุเทพ-ปุย",สัตว์สะเทินน้ำสะเทินบกมีหาง (ซาลาแมนเดอร์) สายพันธุ์เดียวที่พบในประเทศไทย
10,กิ้งก่าเบียร์ดดราก้อน,Bearded Dragon,Pogona vitticeps,Reptilia,Squamata,Agamidae,สัตว์เลื้อยคลาน,สัตว์ต่างถิ่นนำเข้า (Exotic),LC (มีความเสี่ยงต่ำ),"สวนสัตว์เปิดเขาเขียว (โซนสัตว์แปลก), สวนสัตว์เชียงใหม่",กิ้งก่าเคราจากออสเตรเลีย พองแผงใต้คอสีดำขู่ศัตรู เชื่องและเป็นมิตร
11,เก้งเผือก,Albino Barking Deer,Muntiacus muntjak (Albino),Mammalia,Artiodactyla,Cervidae,สัตว์เลี้ยงลูกด้วยนม,สัตว์ประจำถิ่นไทย (Native),LC (มีความเสี่ยงต่ำ),"สวนสัตว์สงขลา, สวนสัตว์เปิดเขาเขียว, สวนสัตว์เชียงใหม่",เก้งลักษณะเผือกล้วนพันธุกรรมหายาก เป็นจุดสนใจของสวนสัตว์สงขลา
12,ไก่ฟ้าสีทอง,Golden Pheasant,Chrysolophus pictus,Aves,Galliformes,Phasianidae,สัตว์ปีก (นก),สัตว์ต่างถิ่นนำเข้า (Exotic),LC (มีความเสี่ยงต่ำ),"สวนสัตว์เปิดเขาเขียว, สวนสัตว์เชียงใหม่, สวนสัตว์นครราชสีมา",'นกฟีนิกซ์ตัวจริง' ตัวผู้สีสันสดใส หงอนสีทอง แผงคอสีส้มลายดำ สวยงามมาก
13,ควายป่า,Wild Water Buffalo,Bubalus arnee,Mammalia,Artiodactyla,Bovidae,สัตว์เลี้ยงลูกด้วยนม,สัตว์ประจำถิ่นไทย (Native),EN (ใกล้สูญพันธุ์),"สวนสัตว์เปิดเขาเขียว, สวนสัตว์นครราชสีมา, เขตรักษาพันธุ์สัตว์ป่าห้วยขาแข้ง",สัตว์ป่าสงวนของไทย วงเขากว้างที่สุดในบรรดาสัตว์ตระกูลวัวควาย
14,ค่างแว่นถิ่นใต้,Dusky Leaf Monkey,Trachypithecus obscurus,Mammalia,Primates,Cercopithecidae,สัตว์เลี้ยงลูกด้วยนม,สัตว์ประจำถิ่นไทย (Native),EN (ใกล้สูญพันธุ์),"สวนสัตว์เปิดเขาเขียว, สวนสัตว์สงขลา, อ่าวมะนาว ประจวบคีรีขันธ์",มีวงกลมขาวรอบดวงตาคล้ายสวมแว่นตา ลูกแรกเกิดสีส้มทองสดใส
15,ค่างห้าสี,Red-shanked Douc Langur,Pygathrix nemaeus,Mammalia,Primates,Cercopithecidae,สัตว์เลี้ยงลูกด้วยนม,สัตว์ต่างถิ่นนำเข้า (Exotic),CR (วิกฤติต่อการสูญพันธุ์),"สวนสัตว์เปิดเขาเขียว, สวนสัตว์ดุสิต (เดิม), สวนสัตว์นครราชสีมา",'ราชินีแห่งค่าง' สีสันสดใสสวยงามที่สุด ขาสีแดง ปลอกแขนขาว หน้าส้ม หางขาว
16,คาปิบารา,Capybara,Hydrochoerus hydrochaeris,Mammalia,Rodentia,Caviidae,สัตว์เลี้ยงลูกด้วยนม,สัตว์ต่างถิ่นนำเข้า (Exotic),LC (มีความเสี่ยงต่ำ),"สวนสัตว์เปิดเขาเขียว, สวนสัตว์เชียงใหม่, สวนสัตว์ขอนแก่น, ซาฟารีเวิลด์",สัตว์ฟันแทะใหญ่ที่สุดในโลก เชื่องและเป็นมิตรกับสัตว์ทุกชนิด ยอดนิยมมาก
17,โคอาลา,Koala,Phascolarctos cinereus,Mammalia,Diprotodontia,Phascolarctidae,สัตว์เลี้ยงลูกด้วยนม,สัตว์ต่างถิ่นนำเข้า (Exotic),VU (มีแนวโน้มใกล้สูญพันธุ์),"สวนสัตว์เชียงใหม่, สวนสัตว์เปิดเขาเขียว",สัตว์สัญลักษณ์ออสเตรเลีย กินใบยูคาลิปตัส นอนหลับวันละ 18-20 ชม.
18,งูจงอาง,King Cobra,Ophiophagus hannah,Reptilia,Squamata,Elapidae,สัตว์เลื้อยคลาน,สัตว์ประจำถิ่นไทย (Native),VU (มีแนวโน้มใกล้สูญพันธุ์),"สวนสัตว์เปิดเขาเขียว, สวนสัตว์นครราชสีมา, สวนสัตว์ขอนแก่น, หมู่บ้านงูจงอาง ขอนแก่น",งูพิษที่ยาวที่สุดในโลก แผ่แม่เบี้ยได้สูง กินงูชนิดอื่นเป็นอาหารหลัก
19,งูหลามทอง / งูหลามพม่า,Burmese Python (Albino),Python bivittatus,Reptilia,Squamata,Pythonidae,สัตว์เลื้อยคลาน,สัตว์ประจำถิ่นไทย (Native),VU (มีแนวโน้มใกล้สูญพันธุ์),"สวนสัตว์เปิดเขาเขียว, ซาฟารีเวิลด์, สวนสัตว์เชียงใหม่",งูหลามสายพันธุ์เผือกสีเหลืองทอง ยอดนิยมในโซนถ่ายรูปคู่กับนักท่องเที่ยว
20,งูเหลือม,Reticulated Python,Malayopython reticulatus,Reptilia,Squamata,Pythonidae,สัตว์เลื้อยคลาน,สัตว์ประจำถิ่นไทย (Native),LC (มีความเสี่ยงต่ำ),"สวนสัตว์เปิดเขาเขียว, สวนสัตว์นครราชสีมา, สวนสัตว์เชียงใหม่, สวนสัตว์สงขลา",งูที่ยาวที่สุดในโลก ลายตาข่ายเรขาคณิต เลื้อยว่ายน้ำและปีนต้นไม้ได้อย่างคล่องแคล่ว
21,งูเห่าไทย,Indochinese Spitting Cobra / Monocled Cobra,Naja kaouthia,Reptilia,Squamata,Elapidae,สัตว์เลื้อยคลาน,สัตว์ประจำถิ่นไทย (Native),LC (มีความเสี่ยงต่ำ),"สวนสัตว์เปิดเขาเขียว, สวนงู สถานเสาวภา, สวนสัตว์นครราชสีมา",แผ่แม่เบี้ยมีลวดลายดอกจันรูปวงกลมเดี่ยว พิษทำลายระบบประสาทรุนแรง
22,งูอนาคอนดาเขียว,Green Anaconda,Eunectes murinus,Reptilia,Squamata,Boidae,สัตว์เลื้อยคลาน,สัตว์ต่างถิ่นนำเข้า (Exotic),LC (มีความเสี่ยงต่ำ),"ซาฟารีเวิลด์ (มารีนปาร์ค), สวนสัตว์เปิดเขาเขียว",งูที่มีน้ำหนักตัวมากที่สุดในโลกจากป่าแอมะซอน ซุ่มล่าเหยื่อใต้น้ำ
23,จระเข้น้ำเค็ม,Saltwater Crocodile,Crocodylus porosus,Reptilia,Crocodilia,Crocodylidae,สัตว์เลื้อยคลาน,สัตว์ประจำถิ่นไทย (Native),LC / CR ในไทย,"สวนสัตว์เปิดเขาเขียว, ฟาร์มจระเข้สมุทรปราการ, สวนสัตว์สงขลา",สัตว์เลื้อยคลานขนาดใหญ่ที่สุดในโลก กรามทรงพลังที่สุด ว่ายน้ำทะเลได้ไกล
24,จระเข้น้ำจืดพันธุ์ไทย,Siamese Crocodile,Crocodylus siamensis,Reptilia,Crocodilia,Crocodylidae,สัตว์เลื้อยคลาน,สัตว์ประจำถิ่นไทย (Native),CR (วิกฤติต่อการสูญพันธุ์),"สวนสัตว์เปิดเขาเขียว, สวนสัตว์นครราชสีมา, สวนสัตว์เชียงใหม่, บึงบอระเพ็ด",สัตว์ป่าสงวน/คุ้มครอง หายากมากในธรรมชาติ สวนสัตว์ไทยเพาะพันธุ์คืนธรรมชาติสำเร็จ
25,จิงโจ้แดง,Red Kangaroo,Osphranter rufus,Mammalia,Diprotodontia,Macropodidae,สัตว์เลี้ยงลูกด้วยนม,สัตว์ต่างถิ่นนำเข้า (Exotic),LC (มีความเสี่ยงต่ำ),"สวนสัตว์เปิดเขาเขียว, สวนสัตว์เชียงใหม่, สวนสัตว์นครราชสีมา, ซาฟารีเวิลด์",สัตว์มีกระเป๋าหน้าท้องขนาดใหญ่ที่สุดในโลก กระโดดได้ไกลและเร็ว
26,ชะนีมือขาว,Lar Gibbon,Hylobates lar,Mammalia,Primates,Hylobatidae,สัตว์เลี้ยงลูกด้วยนม,สัตว์ประจำถิ่นไทย (Native),EN (ใกล้สูญพันธุ์),"สวนสัตว์เปิดเขาเขียว, สวนสัตว์เชียงใหม่, สวนสัตว์นครราชสีมา, สวนสัตว์สงขลา",มือและเท้าสีขาว มีวงหน้าขาว โหนกิ่งไม้คล่องแคล่ว ร้องเพลงก้องกังวาน
27,ช้างเอเชีย,Asian Elephant,Elephas maximus,Mammalia,Proboscidea,Elephantidae,สัตว์เลี้ยงลูกด้วยนม,สัตว์ประจำถิ่นไทย (Native),EN (ใกล้สูญพันธุ์),"สวนสัตว์เปิดเขาเขียว, สวนสัตว์เชียงใหม่, สวนสัตว์นครราชสีมา, โครงการคชอาณาจักร สุรินทร์, ซาฟารีเวิลด์",สัตว์บกขนาดใหญ่ที่สุดในไทย สัตว์สัญลักษณ์ประจำชาติ มีการแสดงว่ายน้ำที่เขาเขียว
28,เซียมัง / ชะนีดำใหญ่,Siamang,Symphalangus syndactylus,Mammalia,Primates,Hylobatidae,สัตว์เลี้ยงลูกด้วยนม,สัตว์ประจำถิ่นไทย (Native),EN (ใกล้สูญพันธุ์),"สวนสัตว์เปิดเขาเขียว, สวนสัตว์สงขลา, สวนสัตว์เชียงใหม่, สวนสัตว์นครราชสีมา",ชะนีขนาดใหญ่ที่สุดในโลก ขนดำสนิท ถุงคอพองลมขยายเสียงร้องได้ไกล
29,ตะกวด,Clouded Monitor,Varanus nebulosus,Reptilia,Squamata,Varanidae,สัตว์เลื้อยคลาน,สัตว์ประจำถิ่นไทย (Native),LC (มีความเสี่ยงต่ำ),"สวนสัตว์เปิดเขาเขียว, สวนสัตว์เชียงใหม่, สวนสัตว์นครราชสีมา",จมูกอยู่ใกล้ดวงตา ปรับตัวอาศัยตามต้นไม้และป่าโปร่งได้ดีกว่าตัวเงินตัวทอง
30,ตะโขง,Tomistoma / False Gharial,Tomistoma schlegelii,Reptilia,Crocodilia,Gavialidae,สัตว์เลื้อยคลาน,สัตว์ประจำถิ่นไทย (Native),EN (ใกล้สูญพันธุ์),"สวนสัตว์เปิดเขาเขียว, สวนสัตว์สงขลา, สวนสัตว์นครราชสีมา",จะงอยปากแคบเรียวยาวเป็นพิเศษ เชี่ยวชาญการจับปลา อาศัยตามป่าพรุภาคใต้
31,ตะพาบม่านลายไทย,Nutaphand's Narrow-headed Softshell Turtle,Chitra chitra,Reptilia,Testudines,Trionychidae,สัตว์เลื้อยคลาน,สัตว์ประจำถิ่นไทย (Native),CR (วิกฤติต่อการสูญพันธุ์),"สวนสัตว์เปิดเขาเขียว, สถานีวิจัยประมงน้ำจืดกาญจนบุรี",ตะพาบน้ำจืดขนาดใหญ่ที่สุดในโลก หนักได้กว่า 100 กก. กระดองนิ่มลายม่านสวยงาม
32,ตัวกินมดยักษ์,Giant Anteater,Myrmecophaga tridactyla,Mammalia,Pilosa,Myrmecophagidae,สัตว์เลี้ยงลูกด้วยนม,สัตว์ต่างถิ่นนำเข้า (Exotic),VU (มีแนวโน้มใกล้สูญพันธุ์),"สวนสัตว์เปิดเขาเขียว, ซาฟารีเวิลด์, สวนสัตว์นครราชสีมา",ปากท่อยาว ไม่มีฟัน ลิ้นยาวเหนียวตวัดกินมดปลวก หางเป็นพวงหนาใหญ่
33,ตัวเงินตัวทอง / เหี้ย,Asian Water Monitor,Varanus salvator,Reptilia,Squamata,Varanidae,สัตว์เลื้อยคลาน,สัตว์ประจำถิ่นไทย (Native),LC (มีความเสี่ยงต่ำ),"สวนสัตว์เปิดเขาเขียว, สวนสัตว์ดุสิต (เดิม), สวนสัตว์สงขลา",สัตว์เลื้อยคลานขนาดใหญ่อันดับสองรองจากมังกรโคโมโด ว่ายน้ำและดำน้ำเก่งมาก
34,เต่าซูลคาตา / เต่าเดือยแอฟริกา,African Spurred Tortoise (Sulcata),Centrochelys sulcata,Reptilia,Testudines,Testudinidae,สัตว์เลื้อยคลาน,สัตว์ต่างถิ่นนำเข้า (Exotic),EN (ใกล้สูญพันธุ์),"สวนสัตว์เปิดเขาเขียว, สวนสัตว์เชียงใหม่, สวนสัตว์ขอนแก่น, สวนสัตว์อุบลราชธานี",เต่าบกกระดองลายสวย มีเดือยแหลมที่ขาหลัง ชอบเดินตากแดดและกินหญ้า
35,เต่ายักษ์อัลดาบรา,Aldabra Giant Tortoise,Aldabrachelys gigantea,Reptilia,Testudines,Testudinidae,สัตว์เลื้อยคลาน,สัตว์ต่างถิ่นนำเข้า (Exotic),VU (มีแนวโน้มใกล้สูญพันธุ์),"สวนสัตว์เปิดเขาเขียว, สวนสัตว์เชียงใหม่, สวนสัตว์นครราชสีมา, ซาฟารีเวิลด์",เต่าบกขนาดใหญ่อันดับสองของโลก อายุยืนเกิน 100 ปี หนักได้ถึง 250 กก.
36,เต่าหกเหลือง,Asian Giant Tortoise,Manouria emys,Reptilia,Testudines,Testudinidae,สัตว์เลื้อยคลาน,สัตว์ประจำถิ่นไทย (Native),CR (วิกฤติต่อการสูญพันธุ์),"สวนสัตว์เปิดเขาเขียว, สวนสัตว์เชียงใหม่, สวนสัตว์สงขลา",เต่าบกขนาดใหญ่ที่สุดในเอเชีย อาศัยตามป่าดงดิบชื้น ทำรังวางไข่แบบก่อรังคล้ายนก
37,นกกก / นกกาฮัง,Great Hornbill,Buceros bicornis,Aves,Bucerotiformes,Bucerotidae,สัตว์ปีก (นก),สัตว์ประจำถิ่นไทย (Native),VU (มีแนวโน้มใกล้สูญพันธุ์),"สวนสัตว์เปิดเขาเขียว, สวนสัตว์เชียงใหม่, สวนสัตว์สงขลา, สวนสัตว์นครราชสีมา",นกเงือกขนาดใหญ่ที่สุดในไทย โหนกบนจะงอยปากสีเหลืองทอง เสียงบินกระพือปีกดังก้อง
38,นกกระจอกเทศ,Common Ostrich,Struthio camelus,Aves,Struthioniformes,Struthionidae,สัตว์ปีก (นก),สัตว์ต่างถิ่นนำเข้า (Exotic),LC (มีความเสี่ยงต่ำ),"สวนสัตว์เปิดเขาเขียว, สวนสัตว์นครราชสีมา, ซาฟารีเวิลด์, สวนสัตว์ขอนแก่น",นกขนาดใหญ่ที่สุดในโลก บินไม่ได้แต่วิ่งเร็วถึง 70 กม./ชม. ไข่ขนาดใหญ่ที่สุด
39,นกกระทุง,Spot-billed Pelican,Pelecanus philippensis,Aves,Pelecaniformes,Pelecanidae,สัตว์ปีก (นก),สัตว์ประจำถิ่นไทย (Native),NT (ใกล้ถูกคุกคาม),"สวนสัตว์เปิดเขาเขียว, สวนสัตว์นครราชสีมา, สวนสัตว์สงขลา, ซาฟารีเวิลด์",ถุงใต้คอยืดหยุ่นขนาดใหญ่ ใช้ช้อนตักปลาในน้ำได้อย่างแม่นยำ
40,นกกระเรียนพันธุ์ไทย,Eastern Sarus Crane,Antigone antigone sharpii,Aves,Gruiformes,Gruidae,สัตว์ปีก (นก),สัตว์ประจำถิ่นไทย (Native),VU / CR ในไทย,"สวนสัตว์นครราชสีมา, เขตห้ามล่าสัตว์ป่าอ่างเก็บน้ำห้วยจระเข้มาก บุรีรัมย์",สัตว์ป่าสงวนของไทย เคยสูญพันธุ์จากป่าธรรมชาติ โคราชเพาะพันธุ์ปล่อยคืนสำเร็จ
41,นกกาบบัว,Painted Stork,Mycteria leucocephala,Aves,Ciconiiformes,Ciconiidae,สัตว์ปีก (นก),สัตว์ประจำถิ่นไทย (Native),NT (ใกล้ถูกคุกคาม),"สวนสัตว์เปิดเขาเขียว, สวนสัตว์นครราชสีมา, ซาฟารีเวิลด์",นกกระสาตัวใหญ่ ปลายปีกแต้มสีชมพูคล้ายกลีบดอกบัว หากินตามบึงน้ำ
42,นกแก๊ก,Oriental Pied Hornbill,Anthracoceros albirostris,Aves,Bucerotiformes,Bucerotidae,สัตว์ปีก (นก),สัตว์ประจำถิ่นไทย (Native),LC (มีความเสี่ยงต่ำ),"สวนสัตว์เปิดเขาเขียว, สวนสัตว์สงขลา, สวนสัตว์เชียงใหม่",นกเงือกขนาดเล็กที่สุด พบบ่อยที่สุด เลี้ยงง่ายและเชื่องมากในกรงนกใหญ่เขาเขียว
43,นกแก้วมาคอว์สีน้ำเงิน-ทอง,Blue-and-yellow Macaw,Ara ararauna,Aves,Psittaciformes,Psittacidae,สัตว์ปีก (นก),สัตว์ต่างถิ่นนำเข้า (Exotic),LC (มีความเสี่ยงต่ำ),"ซาฟารีเวิลด์, สวนสัตว์เปิดเขาเขียว, สวนสัตว์เชียงใหม่, สวนสัตว์นครราชสีมา",นกแก้วอเมริกาใต้ยอดนิยม ฉลาด เลียนเสียงพูดได้ มีโชว์นกแสนรู้ที่ซาฟารีเวิลด์
44,นกแก้วสการ์เล็ตมาคอว์,Scarlet Macaw,Ara macao,Aves,Psittaciformes,Psittacidae,สัตว์ปีก (นก),สัตว์ต่างถิ่นนำเข้า (Exotic),LC (มีความเสี่ยงต่ำ),"ซาฟารีเวิลด์, สวนสัตว์เปิดเขาเขียว, สวนสัตว์เชียงใหม่",สีสันสดใส แดง เหลือง น้ำเงิน จะงอยปากแข็งแรงขบเมล็ดพืชเปลือกแข็งได้
45,นกคาสโซวารีใต้,Southern Cassowary,Casuarius casuarius,Aves,Casuariiformes,Casuariidae,สัตว์ปีก (นก),สัตว์ต่างถิ่นนำเข้า (Exotic),LC (มีความเสี่ยงต่ำ),"สวนสัตว์เปิดเขาเขียว, สวนสัตว์เชียงใหม่, ซาฟารีเวิลด์",'นกที่อันตรายที่สุดในโลก' บนหัวมีหงอนกระดูก กรงเล็บนิ้วเท้าแหลมคมยาวคล้ายกริช
46,นกเค้าแมวหิมะ,Snowy Owl,Bubo scandiacus,Aves,Strigiformes,Strigidae,สัตว์ปีก (นก),สัตว์ต่างถิ่นนำเข้า (Exotic),VU (มีแนวโน้มใกล้สูญพันธุ์),สวนสัตว์เชียงใหม่ (โซนเมืองหิมะ/สัตว์เขตหนาว),นกเค้าแมวสีขาวล้วนจากเขตอาร์กติก ตาโตสีเหลืองสดใส บินเงียบกริบ
47,นกเงือกกรามช้าง,Wreathed Hornbill,Rhyticeros undulatus,Aves,Bucerotiformes,Bucerotidae,สัตว์ปีก (นก),สัตว์ประจำถิ่นไทย (Native),VU (มีแนวโน้มใกล้สูญพันธุ์),"สวนสัตว์เปิดเขาเขียว, สวนสัตว์เชียงใหม่, สวนสัตว์สงขลา",โหนกเป็นรอยหยักคล้ายฟันกรามช้าง ถุงใต้คอตัวผู้สีเหลืองสด ตัวเมียสีฟ้าคราม
48,นกเงือกหัวหงอก,White-crowned Hornbill,Berenicornis comatus,Aves,Bucerotiformes,Bucerotidae,สัตว์ปีก (นก),สัตว์ประจำถิ่นไทย (Native),EN (ใกล้สูญพันธุ์),"สวนสัตว์เปิดเขาเขียว, สวนสัตว์สงขลา",นกเงือกหายาก บนหัวมีหงอนขนสีขาวฟูตั้งชัน กินสัตว์เลื้อยคลานและแมลงเป็นหลัก
49,นกตะกราม,Greater Adjutant,Leptoptilos dubius,Aves,Ciconiiformes,Ciconiidae,สัตว์ปีก (นก),สัตว์ประจำถิ่นไทย (Native),EN (ใกล้สูญพันธุ์),"สวนสัตว์เปิดเขาเขียว, สวนสัตว์นครราชสีมา, สถานีเพาะเลี้ยงสัตว์ป่าบางละมุง",นกกระสาขนาดยักษ์ หัวล้าน ถุงลมใต้คอยาว หายากมากในธรรมชาติไทย
50,นกทูแคนอกขาว,White-throated Toucan,Ramphastos tucanus,Aves,Piciformes,Ramphastidae,สัตว์ปีก (นก),สัตว์ต่างถิ่นนำเข้า (Exotic),VU (มีแนวโน้มใกล้สูญพันธุ์),"ซาฟารีเวิลด์, สวนสัตว์เปิดเขาเขียว, เชียงใหม่ไนท์ซาฟารี",ปากยาวใหญ่สีสันสดใส แต่น้ำหนักเบาเพราะมีโครงสร้างคล้ายรังผึ้งภายใน
51,นกเป็ดน้ำแมนดาริน,Mandarin Duck,Aix galericulata,Aves,Anseriformes,Anatidae,สัตว์ปีก (นก),สัตว์ต่างถิ่นนำเข้า (Exotic),LC (มีความเสี่ยงต่ำ),"สวนสัตว์เปิดเขาเขียว, สวนสัตว์เชียงใหม่, สวนสัตว์นครราชสีมา",เป็ดน้ำสีสันสวยงามที่สุดในโลก สัญลักษณ์แห่งความรักและความซื่อสัตย์
52,นกเพนกวินฮัมโบลด์,Humboldt Penguin,Spheniscus humboldti,Aves,Sphenisciformes,Spheniscidae,สัตว์ปีก (นก),สัตว์ต่างถิ่นนำเข้า (Exotic),VU (มีแนวโน้มใกล้สูญพันธุ์),"สวนสัตว์เปิดเขาเขียว, สวนสัตว์เชียงใหม่, สวนสัตว์สงขลา, สวนสัตว์นครราชสีมา",ดาวเด่นโชว์พาเหรดเพนกวินเดินเตาะแตะยอดนิยมทั้งที่เขาเขียวและเชียงใหม่
53,นกฟลามิงโกใหญ่,Greater Flamingo,Phoenicopterus roseus,Aves,Phoenicopteriformes,Phoenicopteridae,สัตว์ปีก (นก),สัตว์ต่างถิ่นนำเข้า (Exotic),LC (มีความเสี่ยงต่ำ),"สวนสัตว์เปิดเขาเขียว, สวนสัตว์นครราชสีมา, สวนสัตว์เชียงใหม่, ซาฟารีเวิลด์",นกขายาวขนสีชมพู ยืนขาเดียวพักผ่อน มีกรงจัดแสดงขนาดใหญ่ในแทบทุกสวนสัตว์
54,นกยูงไทย,Green Peafowl,Pavo muticus,Aves,Galliformes,Phasianidae,สัตว์ปีก (นก),สัตว์ประจำถิ่นไทย (Native),EN (ใกล้สูญพันธุ์),"สวนสัตว์เปิดเขาเขียว, สวนสัตว์เชียงใหม่, สวนสัตว์นครราชสีมา, เขตรักษาพันธุ์สัตว์ป่าเวียงลอ",หงอนบนหัวเป็นพู่ตั้งตรง แพนหางยาวแผ่รำแพนสวยงาม หายากกว่านกยูงอินเดีย
55,นกยูงอินเดีย,Indian Peafowl,Pavo cristatus,Aves,Galliformes,Phasianidae,สัตว์ปีก (นก),สัตว์ต่างถิ่นนำเข้า (Exotic),LC (มีความเสี่ยงต่ำ),"สวนสัตว์เปิดเขาเขียว, สวนสัตว์เชียงใหม่, สวนสัตว์นครราชสีมา, ซาฟารีเวิลด์",คอสีน้ำเงินเหลือบเงา หงอนรูปพัด เดินอิสระตามลานในสวนสัตว์เปิดเขาเขียว
56,นกอินทรีทะเลหัวขาว / อินทรีหัวล้าน,Bald Eagle,Haliaeetus leucocephalus,Aves,Accipitriformes,Accipitridae,สัตว์ปีก (นก),สัตว์ต่างถิ่นนำเข้า (Exotic),LC (มีความเสี่ยงต่ำ),"ซาฟารีเวิลด์, สวนสัตว์เปิดเขาเขียว",นกสัญลักษณ์ประจำชาติสหรัฐอเมริกา หัวและหางขาว ลำตัวสีน้ำตาลเข้ม กรงเล็บทรงพลัง
57,นกอีมู,Emu,Dromaius novaehollandiae,Aves,Casuariiformes,Casuariidae,สัตว์ปีก (นก),สัตว์ต่างถิ่นนำเข้า (Exotic),LC (มีความเสี่ยงต่ำ),"สวนสัตว์เปิดเขาเขียว, สวนสัตว์เชียงใหม่, ซาฟารีเวิลด์",นกบินไม่ได้ขนาดใหญ่อันดับสองของโลกจากออสเตรเลีย นิสัยอยากรู้อยากเห็น
58,นากเล็กเล็บสั้น,Asian Small-clawed Otter,Aonyx cinereus,Mammalia,Carnivora,Mustelidae,สัตว์เลี้ยงลูกด้วยนม,สัตว์ประจำถิ่นไทย (Native),VU (มีแนวโน้มใกล้สูญพันธุ์),"สวนสัตว์เปิดเขาเขียว, สวนสัตว์เชียงใหม่, สวนสัตว์สงขลา, ซาฟารีเวิลด์",นากขนาดเล็กที่สุด เล็บสั้น คล่องแคล่ว น่ารักและนิยมนำมาแสดงโชว์
59,นางอาย / ลิงลมเหนือ,Bengal Slow Loris,Nycticebus bengalensis,Mammalia,Primates,Lorisidae,สัตว์เลี้ยงลูกด้วยนม,สัตว์ประจำถิ่นไทย (Native),EN (ใกล้สูญพันธุ์),"สวนสัตว์เปิดเขาเขียว, สวนสัตว์เชียงใหม่, สวนสัตว์นครราชสีมา, สวนสัตว์สงขลา",สัตว์ป่าคุ้มครอง ตาโตกลมโต เคลื่อนไหวช้า มีต่อมพิษที่ข้อศอก
60,นิลกาย,Nilgai,Boselaphus tragocamelus,Mammalia,Artiodactyla,Bovidae,สัตว์เลี้ยงลูกด้วยนม,สัตว์ต่างถิ่นนำเข้า (Exotic),LC (มีความเสี่ยงต่ำ),"สวนสัตว์เปิดเขาเขียว, สวนสัตว์นครราชสีมา, ซาฟารีเวิลด์",แอนทีโลปขนาดใหญ่ที่สุดในเอเชีย ตัวผู้มีสีเทาอมน้ำเงิน
61,เนื้อทราย,Hog Deer,Axis porcinus,Mammalia,Artiodactyla,Cervidae,สัตว์เลี้ยงลูกด้วยนม,สัตว์ประจำถิ่นไทย (Native),EN (ใกล้สูญพันธุ์),"สวนสัตว์เปิดเขาเขียว, สวนสัตว์เชียงใหม่, สวนสัตว์นครราชสีมา, สวนสัตว์ขอนแก่น, สวนสัตว์สงขลา",อดีตสัตว์ป่าสงวนที่เพาะขยายพันธุ์สำเร็จจนประชากรฟื้นตัวดีเยี่ยม
62,แบล็กบัค / แอนทีโลปดำ,Blackbuck,Antilope cervicapra,Mammalia,Artiodactyla,Bovidae,สัตว์เลี้ยงลูกด้วยนม,สัตว์ต่างถิ่นนำเข้า (Exotic),LC (มีความเสี่ยงต่ำ),"สวนสัตว์เปิดเขาเขียว, สวนสัตว์นครราชสีมา, ซาฟารีเวิลด์",แอนทีโลปอินเดีย ตัวผู้สีดำขาว เขายาวบิดเป็นเกลียวสวยงาม
63,ปลากระเบนนกจุดขาว,Spotted Eagle Ray,Aetobatus narinari,Chondrichthyes,Myliobatiformes,Aetobatidae,สัตว์น้ำและปลา,สัตว์ประจำถิ่นไทย (Native),EN (ใกล้สูญพันธุ์),"Chiang Mai Zoo Aquarium, สถาบันวิทยาศาสตร์ทางทะเล ม.บูรพา บางแสน",ปากคล้ายจะงอยปากนก ด้านหลังสีดำลายจุดขาว ว่ายร่อนสง่างามในอุโมงค์น้ำลึก
64,ปลากระเบนราหูน้ำจืด / ปลากระเบนเจ้าพระยา,Giant Freshwater Stingray,Urogymnus polylepis,Chondrichthyes,Myliobatiformes,Dasyatidae,สัตว์น้ำและปลา,สัตว์ประจำถิ่นไทย (Native),EN (ใกล้สูญพันธุ์),"Chiang Mai Zoo Aquarium, พิพิธภัณฑ์สัตว์น้ำสมุทรปราการ, แม่น้ำแม่กลอง",ปลากระดูกอ่อนน้ำจืดขนาดใหญ่ที่สุดในโลก ตัวกว้างได้กว่า 2 เมตร โคนหางมีเงี่ยงพิษร้ายแรง
65,ปลากระโห้,Giant Barb,Catlocarpio siamensis,Actinopterygii,Cypriniformes,Cyprinidae,สัตว์น้ำและปลา,สัตว์ประจำถิ่นไทย (Native),CR (วิกฤติต่อการสูญพันธุ์),"Chiang Mai Zoo Aquarium, สวนสัตว์นครราชสีมา, พิพิธภัณฑ์สัตว์น้ำบึงฉวาก",ปลาน้ำจืดมีเกล็ดขนาดใหญ่ที่สุดในโลก เกล็ดสีดำเงา หัวโต ปากกว้าง
66,ปลาการ์ตูนส้มขาว / นีโม,Ocellaris Clownfish,Amphiprion ocellaris,Actinopterygii,Perciformes,Pomacentridae,สัตว์น้ำและปลา,สัตว์ประจำถิ่นไทย (Native),LC (มีความเสี่ยงต่ำ),"Chiang Mai Zoo Aquarium, สถาบันวิทยาศาสตร์ทางทะเล ม.บูรพา บางแสน, สวนสัตว์สงขลา",ขวัญใจเด็กๆ อาศัยอยู่ร่วมกับดอกไม้ทะเลแบบพึ่งพาอาศัย มีเมือกป้องกันเข็มพิษ
67,ปลาฉลามครีบดำ,Blacktip Reef Shark,Carcharhinus melanopterus,Chondrichthyes,Carcharhiniformes,Carcharhinidae,สัตว์น้ำและปลา,สัตว์ประจำถิ่นไทย (Native),VU (มีแนวโน้มใกล้สูญพันธุ์),"Chiang Mai Zoo Aquarium, สถาบันวิทยาศาสตร์ทางทะเล ม.บูรพา, โอเอซิส ซีเวิลด์",ปลายครีบหลังและครีบหางมีแต้มสีดำชัดเจน ว่ายลาดตระเวนตามแนวปะการัง
68,ปลาฉลามเสือดาว,Zebra Shark (Leopard Shark),Stegostoma tigrinum,Chondrichthyes,Orectolobiformes,Stegostomatidae,สัตว์น้ำและปลา,สัตว์ประจำถิ่นไทย (Native),EN (ใกล้สูญพันธุ์),"Chiang Mai Zoo Aquarium, สถาบันวิทยาศาสตร์ทางทะเล ม.บูรพา บางแสน",ลายจุดคล้ายเสือดาว ครีบหางยาวเท่าลำตัว นิสัยไม่ดุร้ายนอนพักตามพื้นทราย
69,ปลาช่อนอเมซอน / อะราไพม่า,Arapaima,Arapaima gigas,Actinopterygii,Osteoglossiformes,Arapaimidae,สัตว์น้ำและปลา,สัตว์ต่างถิ่นนำเข้า (Exotic),DD / CITES II,"Chiang Mai Zoo Aquarium, สวนสัตว์เปิดเขาเขียว, ซาฟารีเวิลด์, พิพิธภัณฑ์สัตว์น้ำบึงฉวาก",ยักษ์ใหญ่แห่งแม่น้ำแอมะซอน ลำตัวยาวได้ถึง 3 เมตร เกล็ดหนาและแข็งแกร่งคล้ายชุดเกราะ
70,ปลาบลูแทงก์ / ดอรี่,Blue Tang (Palette Surgeonfish),Paracanthurus hepatus,Actinopterygii,Perciformes,Acanthuridae,สัตว์น้ำและปลา,สัตว์ต่างถิ่นนำเข้า / ทะเลอินโด-แปซิฟิก,LC (มีความเสี่ยงต่ำ),"Chiang Mai Zoo Aquarium, สถาบันวิทยาศาสตร์ทางทะเล ม.บูรพา บางแสน",ลำตัวสีน้ำเงินสด ปลายหางสีเหลือง โคนหางมีเงี่ยงแหลมคมคล้ายมีดหมอ
71,ปลาบึก,Mekong Giant Catfish,Pangasianodon gigas,Actinopterygii,Siluriformes,Pangasiidae,สัตว์น้ำและปลา,สัตว์ประจำถิ่นไทย (Native),CR (วิกฤติต่อการสูญพันธุ์),"Chiang Mai Zoo Aquarium, พิพิธภัณฑ์สัตว์น้ำบางแสน, พิพิธภัณฑ์สัตว์น้ำหนองคาย",ปลาน้ำจืดไม่มีเกล็ดขนาดใหญ่ที่สุดในโลก อาศัยในลุ่มน้ำโขง หนักได้ถึง 300 กก.
72,ปลาปักเป้ากล่องเหลืองลายจุด,Yellow Boxfish,Ostracion cubicus,Actinopterygii,Tetraodontiformes,Ostraciidae,สัตว์น้ำและปลา,สัตว์ประจำถิ่นไทย (Native),LC (มีความเสี่ยงต่ำ),"สถาบันวิทยาศาสตร์ทางทะเล ม.บูรพา บางแสน, Chiang Mai Zoo Aquarium",ลำตัวเป็นรูปทรงลูกบาศก์สีเหลืองสดใสแต้มจุดดำ ว่ายน้ำดุ๊กดิ๊กช้าๆ ปล่อยสารพิษเมื่อตกใจ
73,ปลาเสือพ่นน้ำ,Banded Archerfish,Toxotes jaculatrix,Actinopterygii,Perciformes,Toxotidae,สัตว์น้ำและปลา,สัตว์ประจำถิ่นไทย (Native),LC (มีความเสี่ยงต่ำ),"สวนสัตว์เปิดเขาเขียว, Chiang Mai Zoo Aquarium, สวนสัตว์สงขลา",พ่นลำน้ำออกจากปากได้อย่างแม่นยำสูงถึง 1.5 เมตร เพื่อยิงแมลงให้ตกลงมาในน้ำ
74,ปลาอโรวาน่า / ปลามังกร,Asian Arowana,Scleropages formosus,Actinopterygii,Osteoglossiformes,Osteoglossidae,สัตว์น้ำและปลา,สัตว์ประจำถิ่นไทย (Native),EN (ใกล้สูญพันธุ์),"Chiang Mai Zoo Aquarium, สวนสัตว์นครราชสีมา, พิพิธภัณฑ์สัตว์น้ำบึงฉวาก",ปลาน้ำจืดโบราณ เกล็ดเงางามคล้ายเกล็ดมังกร ถือเป็นปลาเสริมสิริมงคลและบารมี
75,แพนด้าแดง,Red Panda,Ailurus fulgens,Mammalia,Carnivora,Ailuridae,สัตว์เลี้ยงลูกด้วยนม,สัตว์ต่างถิ่นนำเข้า (Exotic),EN (ใกล้สูญพันธุ์),"สวนสัตว์เชียงใหม่, สวนสัตว์เปิดเขาเขียว",สัตว์ขวัญใจนักท่องเที่ยว หางเป็นพวงลายปล้องส้มขาว
76,แพรรีด็อกหางดำ,Black-tailed Prairie Dog,Cynomys ludovicianus,Mammalia,Rodentia,Sciuridae,สัตว์เลี้ยงลูกด้วยนม,สัตว์ต่างถิ่นนำเข้า (Exotic),LC (มีความเสี่ยงต่ำ),"สวนสัตว์เปิดเขาเขียว, สวนสัตว์เชียงใหม่, สวนสัตว์นครราชสีมา, สวนสัตว์ขอนแก่น",กระรอกดินอเมริกา ขุดรูใต้ดิน ยืนสองขาเห่าเตือนภัยเพื่อนร่วมฝูง
77,มังกรโคโมโด,Komodo Dragon,Varanus komodoensis,Reptilia,Squamata,Varanidae,สัตว์เลื้อยคลาน,สัตว์ต่างถิ่นนำเข้า (Exotic),EN (ใกล้สูญพันธุ์),"ซาฟารีเวิลด์, สวนสัตว์ดุสิต (เดิมเคยจัดแสดง)",กิ้งก่าที่ใหญ่ที่สุดในโลกจากอินโดนีเซีย มีต่อมพิษและแบคทีเรียอันตรายในน้ำลาย
78,ม้าน้ำดำ,Black Seahorse,Hippocampus kuda,Actinopterygii,Syngnathiformes,Syngnathidae,สัตว์น้ำและปลา,สัตว์ประจำถิ่นไทย (Native),VU (มีแนวโน้มใกล้สูญพันธุ์),"สถาบันวิทยาศาสตร์ทางทะเล ม.บูรพา บางแสน, Chiang Mai Zoo Aquarium",ตัวผู้มีกระเป๋าหน้าท้องทำหน้าที่อุ้มท้องและคลอดลูก หางม้วนเกี่ยวต้นหญ้าทะเล
79,ม้าลายเบอร์เชลล์,Plains Zebra,Equus quagga burchellii,Mammalia,Perissodactyla,Equidae,สัตว์เลี้ยงลูกด้วยนม,สัตว์ต่างถิ่นนำเข้า (Exotic),NT (ใกล้ถูกคุกคาม),"สวนสัตว์เปิดเขาเขียว, สวนสัตว์เชียงใหม่, สวนสัตว์นครราชสีมา, ซาฟารีเวิลด์",ม้าลายทุ่งหญ้าสะวันนาแอฟริกา ลายพาดลำตัวมีเอกลักษณ์เฉพาะตัว
80,เม่นใหญ่แผงคอยาว,Malayan Porcupine,Hystrix brachyura,Mammalia,Rodentia,Hystricidae,สัตว์เลี้ยงลูกด้วยนม,สัตว์ประจำถิ่นไทย (Native),LC (มีความเสี่ยงต่ำ),"สวนสัตว์เปิดเขาเขียว, สวนสัตว์เชียงใหม่, สวนสัตว์สงขลา, สวนสัตว์นครราชสีมา",ขนหนามแหลมคมลายขาวดำ ใช้สลัดขู่ศัตรูเมื่อตกใจ
81,เมียร์แคต,Meerkat,Suricata suricatta,Mammalia,Carnivora,Herpestidae,สัตว์เลี้ยงลูกด้วยนม,สัตว์ต่างถิ่นนำเข้า (Exotic),LC (มีความเสี่ยงต่ำ),"สวนสัตว์เปิดเขาเขียว, สวนสัตว์เชียงใหม่, สวนสัตว์นครราชสีมา, สวนสัตว์ขอนแก่น",สัตว์แอฟริกายอดฮิต ยืนสองขาชะเง้อตรวจเวรยาม ขุดโพรงอยู่เป็นฝูง
82,แมงกะพรุนพระจันทร์,Moon Jellyfish,Aurelia aurita,Scyphozoa,Semaeostomeae,Ulmaridae,สัตว์ไม่มีกระดูกสันหลังทางทะเล,สัตว์ทะเลสากล,LC (มีความเสี่ยงต่ำ),สถาบันวิทยาศาสตร์ทางทะเล ม.บูรพา บางแสน (โซนแมงกะพรุนเรืองแสง),ร่มลำตัวโปร่งใสสะท้อนแสงไฟหลากสี ดึงดูดนักท่องเที่ยวจำนวนมากในตู้จัดแสดงทรงกระบอก
83,แมวน้ำเคปเฟอร์ซีล,Cape Fur Seal,Arctocephalus pusillus,Mammalia,Carnivora,Otariidae,สัตว์เลี้ยงลูกด้วยนม,สัตว์ต่างถิ่นนำเข้า (Exotic),LC (มีความเสี่ยงต่ำ),"สวนสัตว์เปิดเขาเขียว, สวนสัตว์เชียงใหม่, สวนสัตว์นครราชสีมา, ซาฟารีเวิลด์",สัตว์ทะเลดาวเด่นโชว์ความสามารถ ใบหูเล็ก คล่องแคล่วทั้งในน้ำและบนบก
84,ยีราฟ,Giraffe,Giraffa camelopardalis,Mammalia,Artiodactyla,Giraffidae,สัตว์เลี้ยงลูกด้วยนม,สัตว์ต่างถิ่นนำเข้า (Exotic),VU (มีแนวโน้มใกล้สูญพันธุ์),"สวนสัตว์เปิดเขาเขียว, ซาฟารีเวิลด์, สวนสัตว์เชียงใหม่, สวนสัตว์นครราชสีมา, สวนสัตว์ขอนแก่น",สัตว์บกที่สูงที่สุดในโลก จุดให้อาหารยอดนิยมในสวนสัตว์ไทย
85,แรดขาว,White Rhinoceros,Ceratotherium simum,Mammalia,Perissodactyla,Rhinocerotidae,สัตว์เลี้ยงลูกด้วยนม,สัตว์ต่างถิ่นนำเข้า (Exotic),NT (ใกล้ถูกคุกคาม),"สวนสัตว์เปิดเขาเขียว, สวนสัตว์นครราชสีมา, ซาฟารีเวิลด์, เชียงใหม่ไนท์ซาฟารี",สัตว์บกขนาดใหญ่อันดับสองรองจากช้าง ปากกว้างรูปสี่เหลี่ยมสำหรับเล็มหญ้า
86,ละองละมั่งพันธุ์ไทย,Siamese Eld's Deer,Rucervus eldii siamensis,Mammalia,Artiodactyla,Cervidae,สัตว์เลี้ยงลูกด้วยนม,สัตว์ประจำถิ่นไทย (Native),CR (วิกฤติต่อการสูญพันธุ์),"สวนสัตว์เปิดเขาเขียว, สถานีเพาะเลี้ยงสัตว์ป่าห้วยขาแข้ง, สวนสัตว์นครราชสีมา",สัตว์ป่าสงวนของไทย เพาะเลี้ยงและปล่อยคืนสู่ธรรมชาติสำเร็จ
87,ลิงชิมแปนซี,Chimpanzee,Pan troglodytes,Mammalia,Primates,Hominidae,สัตว์เลี้ยงลูกด้วยนม,สัตว์ต่างถิ่นนำเข้า (Exotic),EN (ใกล้สูญพันธุ์),"สวนสัตว์เปิดเขาเขียว, สวนสัตว์เชียงใหม่, สวนสัตว์นครราชสีมา, ซาฟารีเวิลด์",ญาติสนิททางพันธุกรรมของมนุษย์ ฉลาด เรียนรู้ภาษามือและใช้เครื่องมือได้
88,ลิงอุรังอุตัง,Orangutan,Pongo pygmaeus / Pongo abelii,Mammalia,Primates,Hominidae,สัตว์เลี้ยงลูกด้วยนม,สัตว์ต่างถิ่นนำเข้า (Exotic),CR (วิกฤติต่อการสูญพันธุ์),"สวนสัตว์เปิดเขาเขียว, สวนสัตว์เชียงใหม่, ซาฟารีเวิลด์",วานรใหญ่ขนสีส้มแดง ฉลาด สร้างเครื่องมือ มีโชว์ชกมวยอุรังอุตังที่ซาฟารีเวิลด์
89,ลิ่นชวา / ตัวนิ่ม,Sunda Pangolin,Manis javanica,Mammalia,Pholidota,Manidae,สัตว์เลี้ยงลูกด้วยนม,สัตว์ประจำถิ่นไทย (Native),CR (วิกฤติต่อการสูญพันธุ์),"สวนสัตว์เปิดเขาเขียว, สวนสัตว์สงขลา, สถานีเพาะเลี้ยงสัตว์ป่าบางละมุง",เกล็ดเคราตินแข็งหุ้มตัว ขดตัวเป็นก้อนกลม ถูกลักลอบล่าจนวิกฤติ
90,ลีเมอร์หางแหวน,Ring-tailed Lemur,Lemur catta,Mammalia,Primates,Lemuridae,สัตว์เลี้ยงลูกด้วยนม,สัตว์ต่างถิ่นนำเข้า (Exotic),EN (ใกล้สูญพันธุ์),"สวนสัตว์เปิดเขาเขียว, สวนสัตว์เชียงใหม่, สวนสัตว์นครราชสีมา, สวนสัตว์ขอนแก่น",ลีเมอร์มาดากัสการ์ หางยาวลายปล้องขาวดำ นั่งผึ่งแดดยามเช้า
91,เลียงผาใต้,Sumatran Serow,Capricornis sumatraensis,Mammalia,Artiodactyla,Bovidae,สัตว์เลี้ยงลูกด้วยนม,สัตว์ประจำถิ่นไทย (Native),VU (มีแนวโน้มใกล้สูญพันธุ์),"สวนสัตว์เปิดเขาเขียว, สวนสัตว์เชียงใหม่, สวนสัตว์สงขลา, สวนสัตว์นครราชสีมา",สัตว์ป่าสงวนของไทย ปีนป่ายหน้าผาหินปูนสูงชัน มีต่อมน้ำมันใต้ตา
92,โลมาปากขวด,Common Bottlenose Dolphin,Tursiops truncatus,Mammalia,Cetartiodactyla,Delphinidae,สัตว์เลี้ยงลูกด้วยนม,สัตว์ต่างถิ่นนำเข้า / สัตว์ทะเลสากล,LC (มีความเสี่ยงต่ำ),"โอเอซิส ซีเวิลด์ จันทบุรี, พัทยา ดอลฟินส์ เวิลด์, ซาฟารีเวิลด์",ฉลาด ขี้เล่น มีการแสดงกระโดดลอดห่วงและว่ายน้ำร่วมกับมนุษย์
93,โลมาอิรวดี,Irrawaddy Dolphin,Orcaella brevirostris,Mammalia,Cetartiodactyla,Delphinidae,สัตว์เลี้ยงลูกด้วยนม,สัตว์ประจำถิ่นไทย (Native),EN / CR (ประชากรทะเลสาบสงขลา),"โอเอซิส ซีเวิลด์ จันทบุรี, ทะเลสาบสงขลา, ศูนย์วิจัยทรัพยากรทางทะเลฯ",หัวกลมมนไม่มีจะงอยปาก ประชากรในทะเลสาบสงขลาเหลือน้อยมากจนวิกฤติ
94,วัวแดง,Banteng,Bos javanicus,Mammalia,Artiodactyla,Bovidae,สัตว์เลี้ยงลูกด้วยนม,สัตว์ประจำถิ่นไทย (Native),EN (ใกล้สูญพันธุ์),"สวนสัตว์เปิดเขาเขียว, สวนสัตว์นครราชสีมา, สวนสัตว์เชียงใหม่",วัวป่าหายาก ลำตัวสีน้ำตาลแดง มีวงก้นขาวคล้ายกระจก โครงการเพาะขยายพันธุ์ปล่อยคืนสู่ป่าสำเร็จ
95,วิลเดอบีสต์สีน้ำเงิน,Blue Wildebeest,Connochaetes taurinus,Mammalia,Artiodactyla,Bovidae,สัตว์เลี้ยงลูกด้วยนม,สัตว์ต่างถิ่นนำเข้า (Exotic),LC (มีความเสี่ยงต่ำ),"สวนสัตว์เปิดเขาเขียว, สวนสัตว์นครราชสีมา, ซาฟารีเวิลด์",สัตว์อพยพชื่อดังแห่งทุ่งหญ้าเซเรนเกตี
96,สมเสร็จมลายู,Malayan Tapir,Tapirus indicus,Mammalia,Perissodactyla,Tapiridae,สัตว์เลี้ยงลูกด้วยนม,สัตว์ประจำถิ่นไทย (Native),EN (ใกล้สูญพันธุ์),"สวนสัตว์เปิดเขาเขียว, สวนสัตว์สงขลา, สวนสัตว์เชียงใหม่, สวนสัตว์นครราชสีมา",สัตว์ป่าสงวนของไทย ลำตัวขาวดำแบ่งครึ่ง ลูกแรกเกิดมีลายแตงไทย
97,สลอธสองนิ้ว,Linnaeus's Two-toed Sloth,Choloepus didactylus,Mammalia,Pilosa,Choloepodidae,สัตว์เลี้ยงลูกด้วยนม,สัตว์ต่างถิ่นนำเข้า (Exotic),LC (มีความเสี่ยงต่ำ),"สวนสัตว์เปิดเขาเขียว, สวนสัตว์เชียงใหม่, สวนสัตว์ขอนแก่น, ซาฟารีเวิลด์",สัตว์เคลื่อนไหวช้าที่สุดในโลก ห้อยหัวอยู่บนกิ่งไม้เกือบตลอดชีวิต
98,สิงโตแอฟริกา,African Lion,Panthera leo,Mammalia,Carnivora,Felidae,สัตว์เลี้ยงลูกด้วยนม,สัตว์ต่างถิ่นนำเข้า (Exotic),VU (มีแนวโน้มใกล้สูญพันธุ์),"สวนสัตว์เปิดเขาเขียว, สวนสัตว์นครราชสีมา, สวนสัตว์เชียงใหม่, ซาฟารีเวิลด์",เจ้าป่า อยู่รวมกันเป็นฝูง มีทั้งสิงโตขนสีทองและสิงโตขาว
99,เสือโคร่งเบงกอล,Bengal Tiger,Panthera tigris tigris,Mammalia,Carnivora,Felidae,สัตว์เลี้ยงลูกด้วยนม,สัตว์ต่างถิ่นนำเข้า (Exotic),EN (ใกล้สูญพันธุ์),"สวนสัตว์เปิดเขาเขียว, ซาฟารีเวิลด์, สวนสัตว์เชียงใหม่, สวนสัตว์นครราชสีมา",รวมถึงเสือโคร่งขาว (White Tiger) ยอดนิยมในสวนสัตว์
100,เสือโคร่งอินโดจีน,Indochinese Tiger,Panthera tigris corbetti,Mammalia,Carnivora,Felidae,สัตว์เลี้ยงลูกด้วยนม,สัตว์ประจำถิ่นไทย (Native),EN (ใกล้สูญพันธุ์),"สวนสัตว์เปิดเขาเขียว, สวนสัตว์นครราชสีมา, เขตรักษาพันธุ์สัตว์ป่าห้วยขาแข้ง",เสือโคร่งประจำถิ่นไทย แหล่งพันธุกรรมสำคัญที่สุดในเอเชียตะวันออกเฉียงใต้
101,เสือชีตาห์,Cheetah,Acinonyx jubatus,Mammalia,Carnivora,Felidae,สัตว์เลี้ยงลูกด้วยนม,สัตว์ต่างถิ่นนำเข้า (Exotic),VU (มีแนวโน้มใกล้สูญพันธุ์),"สวนสัตว์เปิดเขาเขียว, สวนสัตว์นครราชสีมา, ซาฟารีเวิลด์, เชียงใหม่ไนท์ซาฟารี",สัตว์บกที่วิ่งเร็วที่สุดในโลก มีคราบน้ำตาสีดำพาดจากหัวตาถึงมุมปาก
102,เสือดาว / เสือดำ,Leopard / Black Panther,Panthera pardus,Mammalia,Carnivora,Felidae,สัตว์เลี้ยงลูกด้วยนม,สัตว์ประจำถิ่นไทย (Native),VU (มีแนวโน้มใกล้สูญพันธุ์),"สวนสัตว์เปิดเขาเขียว, สวนสัตว์เชียงใหม่, สวนสัตว์นครราชสีมา, สวนสัตว์สงขลา",เสือดาวและเสือดำเป็นชนิดเดียวกัน ปีนต้นไม้เก่งและลากเหยื่อขึ้นที่สูง
103,เสือลายเมฆ,Clouded Leopard,Neofelis nebulosa,Mammalia,Carnivora,Felidae,สัตว์เลี้ยงลูกด้วยนม,สัตว์ประจำถิ่นไทย (Native),VU (มีแนวโน้มใกล้สูญพันธุ์),"สวนสัตว์เปิดเขาเขียว, สวนสัตว์เชียงใหม่, สวนสัตว์สงขลา, สวนสัตว์นครราชสีมา",สัตว์ป่าสงวนของไทย ลายก้อนเมฆขนาดใหญ่ เขี้ยวแหลมยาวเมื่อเทียบสัดส่วนหัว
104,หมาใน,Dhole,Cuon alpinus,Mammalia,Carnivora,Canidae,สัตว์เลี้ยงลูกด้วยนม,สัตว์ประจำถิ่นไทย (Native),EN (ใกล้สูญพันธุ์),"สวนสัตว์เปิดเขาเขียว, สวนสัตว์เชียงใหม่, สวนสัตว์นครราชสีมา, สวนสัตว์ขอนแก่น",หมาป่าสีแดงประจำถิ่นไทย ล่าเหยื่อเป็นฝูงอย่างมีระบบ
105,หมีขอ / บินตุรง,Binturong,Arctictis binturong,Mammalia,Carnivora,Viverridae,สัตว์เลี้ยงลูกด้วยนม,สัตว์ประจำถิ่นไทย (Native),VU (มีแนวโน้มใกล้สูญพันธุ์),"สวนสัตว์เปิดเขาเขียว, สวนสัตว์เชียงใหม่, สวนสัตว์นครราชสีมา, สวนสัตว์สงขลา",หางยาวแข็งแรงยึดจับกิ่งไม้ได้ มีกลิ่นหอมเฉพาะคล้ายข้าวโพดคั่วเนย
106,หมีควาย,Asian Black Bear,Ursus thibetanus,Mammalia,Carnivora,Ursidae,สัตว์เลี้ยงลูกด้วยนม,สัตว์ประจำถิ่นไทย (Native),VU (มีแนวโน้มใกล้สูญพันธุ์),"สวนสัตว์เปิดเขาเขียว, สวนสัตว์เชียงใหม่, สวนสัตว์นครราชสีมา, สวนสัตว์ขอนแก่น",หมีใหญ่ ขนสีดำสนิท มีแถบขนสีขาวรูปตัว V ที่หน้าอก
107,หมีหมา / หมีคน,Malayan Sun Bear,Helarctos malayanus,Mammalia,Carnivora,Ursidae,สัตว์เลี้ยงลูกด้วยนม,สัตว์ประจำถิ่นไทย (Native),VU (มีแนวโน้มใกล้สูญพันธุ์),"สวนสัตว์เปิดเขาเขียว, สวนสัตว์เชียงใหม่, สวนสัตว์นครราชสีมา, สวนสัตว์สงขลา",หมีขนาดเล็กที่สุดในโลก ลิ้นยาวสำหรับเลียน้ำผึ้งและปลวก มีลายเกือกม้าที่อก
108,อัลปากา,Alpaca,Vicugna pacos,Mammalia,Artiodactyla,Camelidae,สัตว์เลี้ยงลูกด้วยนม,สัตว์ต่างถิ่นนำเข้า (Exotic),Domesticated (เลี้ยง),"สวนสัตว์เชียงใหม่, สวนสัตว์เปิดเขาเขียว, อัลปาก้าฮิลล์ ราชบุรี",ขนหนานุ่มคุณภาพสูง นิสัยสุภาพเป็นมิตร ยอดนิยมในโซนสัมผัสสัตว์
109,อีกัวน่าเขียว,Green Iguana,Iguana iguana,Reptilia,Squamata,Iguanidae,สัตว์เลื้อยคลาน,สัตว์ต่างถิ่นนำเข้า (Exotic),LC (มีความเสี่ยงต่ำ),"สวนสัตว์เปิดเขาเขียว, ซาฟารีเวิลด์, สวนสัตว์เชียงใหม่",กิ้งก่ากินพืชขนาดใหญ่จากอเมริกาใต้ แผงหนามบนสันหลังยาว ว่ายน้ำเก่ง
110,อูฐสองโหนก,Bactrian Camel,Camelus bactrianus,Mammalia,Artiodactyla,Camelidae,สัตว์เลี้ยงลูกด้วยนม,สัตว์ต่างถิ่นนำเข้า (Exotic),CR / Domesticated,"สวนสัตว์เปิดเขาเขียว, สวนสัตว์เชียงใหม่, สวนสัตว์นครราชสีมา, ซาฟารีเวิลด์",อูฐเขตหนาวแถบเอเชียกลาง ขนหนานุ่ม สองโหนกสะสมไขมัน
111,อูฐหนอกเดียว,Dromedary Camel,Camelus dromedarius,Mammalia,Artiodactyla,Camelidae,สัตว์เลี้ยงลูกด้วยนม,สัตว์ต่างถิ่นนำเข้า (Exotic),Domesticated (เลี้ยง),"สวนสัตว์เปิดเขาเขียว, สวนสัตว์สงขลา, ซาฟารีเวิลด์",อูฐทะเลทรายอาหรับและแอฟริกา ทนแล้งเดินทางไกลได้หลายวัน
112,แอกโซลอตล์ / หมาน้ำ,Axolotl,Ambystoma mexicanum,Amphibia,Caudata,Ambystomatidae,สัตว์สะเทินน้ำสะเทินบก,สัตว์ต่างถิ่นนำเข้า (Exotic),CR (วิกฤติต่อการสูญพันธุ์ในธรรมชาติ),"Chiang Mai Zoo Aquarium, สวนสัตว์เปิดเขาเขียว, ม.บูรพา บางแสน",ซาลาแมนเดอร์ที่ไม่ยอมโตเต็มวัย เหงือกพู่สีชมพูภายนอก ว่ายน้ำดุ๊กดิ๊กน่ารัก
113,ฮิปโปโปเตมัส,Hippopotamus,Hippopotamus amphibius,Mammalia,Artiodactyla,Hippopotamidae,สัตว์เลี้ยงลูกด้วยนม,สัตว์ต่างถิ่นนำเข้า (Exotic),VU (มีแนวโน้มใกล้สูญพันธุ์),"สวนสัตว์เปิดเขาเขียว, สวนสัตว์เชียงใหม่, สวนสัตว์นครราชสีมา, สวนสัตว์สงขลา, ซาฟารีเวิลด์",'แม่มะลิ' ฮิปโปโปเตมัสอายุยืนที่สุดในประเทศไทย ปัจจุบันอยู่ที่เขาเขียว
114,ฮิปโปโปเตมัสแคระ,Pygmy Hippopotamus,Choeropsis liberiensis,Mammalia,Artiodactyla,Hippopotamidae,สัตว์เลี้ยงลูกด้วยนม,สัตว์ต่างถิ่นนำเข้า (Exotic),EN (ใกล้สูญพันธุ์),"สวนสัตว์เปิดเขาเขียว, สวนสัตว์ขอนแก่น, สวนสัตว์อุบลราชธานี",ดาวเด่น 'หมูเด้ง' (เขาเขียว) และ 'หมูด้วง' (ขอนแก่น) สัตว์ประจำถิ่นป่าแอฟริกาตะวันตก
115,ไฮยีนาลายจุด,Spotted Hyena,Crocuta crocuta,Mammalia,Carnivora,Hyaenidae,สัตว์เลี้ยงลูกด้วยนม,สัตว์ต่างถิ่นนำเข้า (Exotic),LC (มีความเสี่ยงต่ำ),"สวนสัตว์เปิดเขาเขียว, สวนสัตว์นครราชสีมา, ซาฟารีเวิลด์, เชียงใหม่ไนท์ซาฟารี",นักล่าและกินซาก กรามทรงพลังบดกระดูกได้ ร้องเสียงคล้ายหัวเราะ
